Date,Time,Lat,Lon,Ele
2023-03-14,10:00:00,34.103722,118.272612,143.3
2023-03-14,10:00:01,34.103718,118.272587,145.7
2023-03-14,10:00:02,34.103713,118.272606,146.4
2023-03-14,10:00:03,34.103729,118.272636,143.9
2023-03-14,10:00:04,34.103721,118.272636,143.4
2023-03-14,10:00:05,34.103719,118.272617,142
2023-03-14,10:00:06,34.103719,118.272593,142
2023-03-14,10:00:07,34.103721,118.272583,141.6
2023-03-14,10:00:08,34.103716,118.272573,140.6
2023-03-14,10:00:09,34.103714,118.272559,140.9
2023-03-14,10:00:10,34.103719,118.272564,140.2
2023-03-14,10:00:11,34.103719,118.272564,140.2
2023-03-14,10:00:12,34.103719,118.272564,140.2
2023-03-14,10:00:13,34.103719,118.272564,140.2
2023-03-14,10:00:14,34.103719,118.272564,140.2
2023-03-14,10:00:15,34.103721,118.272554,139.8
2023-03-14,10:00:16,34.103719,118.27254,140.2
2023-03-14,10:00:17,34.103719,118.27254,140.2
2023-03-14,10:00:18,34.103719,118.27254,140.2
2023-03-14,10:00:19,34.103727,118.27254,140.7
2023-03-14,10:00:20,34.10372,118.272544,141.8
2023-03-14,10:00:21,34.103723,118.272539,143.1
2023-03-14,10:00:22,34.103723,118.272539,143.1
2023-03-14,10:00:23,34.103718,118.272534,143.9
2023-03-14,10:00:24,34.103726,118.272534,144.4
2023-03-14,10:00:25,34.103728,118.272549,144.1
2023-03-14,10:00:26,34.103728,118.272549,144.1
2023-03-14,10:00:27,34.103728,118.272549,144.1
2023-03-14,10:00:28,34.103725,118.272558,144.5
2023-03-14,10:00:29,34.10373,118.272563,143.8
2023-03-14,10:00:30,34.103732,118.272578,143.4
2023-03-14,10:00:31,34.103736,118.272583,142.7
2023-03-14,10:00:32,34.103736,118.272583,142.7
2023-03-14,10:00:33,34.103738,118.272598,142.3
2023-03-14,10:00:34,34.103738,118.272598,142.3
2023-03-14,10:00:35,34.103738,118.272598,142.3
2023-03-14,10:00:36,34.103743,118.272603,141.6
2023-03-14,10:00:37,34.103743,118.272603,141.6
2023-03-14,10:00:38,34.103743,118.272603,141.6
2023-03-14,10:00:39,34.103747,118.272608,140.9
2023-03-14,10:00:40,34.103747,118.272608,140.9
2023-03-14,10:00:41,34.103747,118.272608,140.9
2023-03-14,10:00:42,34.10374,118.272608,140.3
2023-03-14,10:00:43,34.103744,118.272613,139.6
2023-03-14,10:00:44,34.103744,118.272613,139.6
2023-03-14,10:00:45,34.103744,118.272613,139.6
2023-03-14,10:00:46,34.103744,118.272613,139.6
2023-03-14,10:00:47,34.103744,118.272613,139.6
2023-03-14,10:00:48,34.103744,118.272613,139.6
2023-03-14,10:00:49,34.103751,118.272609,138.5
2023-03-14,10:00:50,34.103751,118.272609,138.5
2023-03-14,10:00:51,34.103751,118.272609,138.5
2023-03-14,10:00:52,34.103751,118.272609,138.5
2023-03-14,10:00:53,34.103751,118.272609,138.5
2023-03-14,10:00:54,34.103751,118.272609,138.5
2023-03-14,10:00:55,34.103754,118.272599,138.1
2023-03-14,10:00:56,34.103754,118.272599,138.1
2023-03-14,10:00:57,34.103754,118.272599,138.1
2023-03-14,10:00:58,34.103754,118.272599,138.1
2023-03-14,10:00:59,34.103756,118.27259,137.7
2023-03-14,10:01:00,34.10376,118.272595,137
2023-03-14,10:01:01,34.10376,118.272595,137
2023-03-14,10:01:02,34.10376,118.272595,137
2023-03-14,10:01:03,34.103756,118.27259,137.7
2023-03-14,10:01:04,34.103756,118.27259,137.7
2023-03-14,10:01:05,34.103756,118.27259,137.7
2023-03-14,10:01:06,34.103756,118.27259,137.7
2023-03-14,10:01:07,34.103758,118.27258,137.3
2023-03-14,10:01:08,34.103756,118.27259,137.7
2023-03-14,10:01:09,34.103758,118.27258,137.3
2023-03-14,10:01:10,34.103758,118.27258,137.3
2023-03-14,10:01:11,34.103758,118.27258,137.3
2023-03-14,10:01:12,34.103758,118.27258,137.3
2023-03-14,10:01:13,34.103758,118.27258,137.3
2023-03-14,10:01:14,34.103758,118.27258,137.3
2023-03-14,10:01:15,34.103758,118.27258,137.3
2023-03-14,10:01:16,34.103758,118.27258,137.3
2023-03-14,10:01:17,34.103758,118.27258,137.3
2023-03-14,10:01:18,34.103758,118.27258,137.3
2023-03-14,10:01:19,34.103758,118.27258,137.3
2023-03-14,10:01:20,34.103758,118.27258,137.3
2023-03-14,10:01:21,34.103758,118.27258,137.3
2023-03-14,10:01:22,34.103754,118.272575,138
2023-03-14,10:01:23,34.103758,118.27258,137.3
2023-03-14,10:01:24,34.103758,118.27258,137.3
2023-03-14,10:01:25,34.103754,118.272575,138
2023-03-14,10:01:26,34.103754,118.272575,138
2023-03-14,10:01:27,34.103754,118.272575,138
2023-03-14,10:01:28,34.103749,118.27257,138.8
2023-03-14,10:01:29,34.103747,118.272579,139.2
2023-03-14,10:01:30,34.103747,118.272579,139.2
2023-03-14,10:01:31,34.103747,118.272579,139.2
2023-03-14,10:01:32,34.103743,118.272574,139.9
2023-03-14,10:01:33,34.103743,118.272574,139.9
2023-03-14,10:01:34,34.103743,118.272574,139.9
2023-03-14,10:01:35,34.103743,118.272574,139.9
2023-03-14,10:01:36,34.103745,118.272565,139.5
2023-03-14,10:01:37,34.103745,118.272565,139.5
2023-03-14,10:01:38,34.103745,118.272565,139.5
2023-03-14,10:01:39,34.103745,118.272565,139.5
2023-03-14,10:01:40,34.103745,118.272565,139.5
2023-03-14,10:01:41,34.103745,118.272565,139.5
2023-03-14,10:01:42,34.103745,118.272565,139.5
2023-03-14,10:01:43,34.103745,118.272565,139.5
2023-03-14,10:01:44,34.103753,118.272565,140.1
2023-03-14,10:01:45,34.10375,118.272574,140.4
2023-03-14,10:01:46,34.103748,118.27256,140.8
2023-03-14,10:01:47,34.103748,118.27256,140.8
2023-03-14,10:01:48,34.103741,118.27256,140.2
2023-03-14,10:01:49,34.103738,118.272569,140.6
2023-03-14,10:01:50,34.103745,118.272565,139.5
2023-03-14,10:01:51,34.103745,118.272565,139.5
2023-03-14,10:01:52,34.103745,118.272565,139.5
2023-03-14,10:01:53,34.103745,118.272565,139.5
2023-03-14,10:01:54,34.103743,118.272574,139.9
2023-03-14,10:01:55,34.103745,118.272589,139.5
2023-03-14,10:01:56,34.103754,118.272604,139.8
2023-03-14,10:01:57,34.103756,118.272618,139.4
2023-03-14,10:01:58,34.103753,118.272623,138.1
2023-03-14,10:01:59,34.103753,118.272623,138.1
2023-03-14,10:02:00,34.103753,118.272623,138.1
2023-03-14,10:02:01,34.103753,118.272623,138.1
2023-03-14,10:02:02,34.103753,118.272623,138.1
2023-03-14,10:02:03,34.103753,118.272623,138.1
2023-03-14,10:02:04,34.103751,118.272633,138.5
2023-03-14,10:02:05,34.103751,118.272633,138.5
2023-03-14,10:02:06,34.103751,118.272633,138.5
2023-03-14,10:02:07,34.103751,118.272633,138.5
2023-03-14,10:02:08,34.103743,118.272633,138
2023-03-14,10:02:09,34.103743,118.272633,138
2023-03-14,10:02:10,34.103743,118.272633,138
2023-03-14,10:02:11,34.103741,118.272642,138.4
2023-03-14,10:02:12,34.103745,118.272648,137.6
2023-03-14,10:02:13,34.103743,118.272657,138
2023-03-14,10:02:14,34.103743,118.272657,138
2023-03-14,10:02:15,34.103741,118.272667,138.4
2023-03-14,10:02:16,34.103738,118.272676,138.8
2023-03-14,10:02:17,34.103738,118.2727,138.9
2023-03-14,10:02:18,34.103728,118.27271,138.7
2023-03-14,10:02:19,34.103718,118.27272,138.5
2023-03-14,10:02:20,34.103699,118.272714,138.1
2023-03-14,10:02:21,34.103691,118.272714,137.6
2023-03-14,10:02:22,34.103686,118.272729,136.7
2023-03-14,10:02:23,34.103691,118.27271,135.9
2023-03-14,10:02:24,34.103683,118.272681,133.6
2023-03-14,10:02:25,34.103676,118.272657,133
2023-03-14,10:02:26,34.103679,118.272599,132.5
2023-03-14,10:02:27,34.103684,118.272556,131.6
2023-03-14,10:02:28,34.10368,118.272498,130.6
2023-03-14,10:02:29,34.103677,118.272455,129.2
2023-03-14,10:02:30,34.103671,118.27241,130.2
2023-03-14,10:02:31,34.103664,118.272362,129.5
2023-03-14,10:02:32,34.103665,118.272314,129.4
2023-03-14,10:02:33,34.103656,118.272275,129.1
2023-03-14,10:02:34,34.103635,118.272231,129
2023-03-14,10:02:35,34.103601,118.272206,129.1
2023-03-14,10:02:36,34.103558,118.27219,129.1
2023-03-14,10:02:37,34.103515,118.272175,129
2023-03-14,10:02:38,34.103462,118.272169,128.8
2023-03-14,10:02:39,34.103416,118.272163,129.1
2023-03-14,10:02:40,34.103361,118.272167,129.3
2023-03-14,10:02:41,34.10332,118.272166,128.9
2023-03-14,10:02:42,34.103276,118.272175,128.9
2023-03-14,10:02:43,34.103235,118.272174,128.5
2023-03-14,10:02:44,34.103185,118.272139,129.5
2023-03-14,10:02:45,34.103135,118.272128,130.6
2023-03-14,10:02:46,34.103088,118.272108,131.3
2023-03-14,10:02:47,34.103037,118.272116,130.7
2023-03-14,10:02:48,34.102993,118.272125,130.7
2023-03-14,10:02:49,34.102947,118.272144,131.1
2023-03-14,10:02:50,34.102892,118.272147,131.3
2023-03-14,10:02:51,34.102848,118.272156,131.3
2023-03-14,10:02:52,34.102795,118.272174,131.1
2023-03-14,10:02:53,34.102749,118.272169,131.4
2023-03-14,10:02:54,34.102694,118.272172,131.6
2023-03-14,10:02:55,34.102636,118.272161,132.1
2023-03-14,10:02:56,34.102584,118.27216,133.6
2023-03-14,10:02:57,34.102533,118.272169,133
2023-03-14,10:02:58,34.102475,118.272182,133.6
2023-03-14,10:02:59,34.102431,118.272191,133.6
2023-03-14,10:03:00,34.10238,118.2722,133
2023-03-14,10:03:01,34.102332,118.272203,133.7
2023-03-14,10:03:02,34.102279,118.272222,133.6
2023-03-14,10:03:03,34.102238,118.272221,133.2
2023-03-14,10:03:04,34.102192,118.272239,133.6
2023-03-14,10:03:05,34.102134,118.272252,134.1
2023-03-14,10:03:06,34.102082,118.272286,133.6
2023-03-14,10:03:07,34.102025,118.272299,134.2
2023-03-14,10:03:08,34.101966,118.272308,133.1
2023-03-14,10:03:09,34.101911,118.272311,133.2
2023-03-14,10:03:10,34.101857,118.27233,133.1
2023-03-14,10:03:11,34.101802,118.272333,133.2
2023-03-14,10:03:12,34.101746,118.272337,133.4
2023-03-14,10:03:13,34.101703,118.272346,133.4
2023-03-14,10:03:14,34.10164,118.27235,133
2023-03-14,10:03:15,34.101584,118.272353,133.2
2023-03-14,10:03:16,34.101529,118.272357,133.4
2023-03-14,10:03:17,34.101478,118.272366,132.8
2023-03-14,10:03:18,34.101424,118.272384,132.6
2023-03-14,10:03:19,34.101369,118.272388,132.8
2023-03-14,10:03:20,34.101325,118.272397,132.8
2023-03-14,10:03:21,34.101274,118.272405,132.2
2023-03-14,10:03:22,34.101226,118.272409,133
2023-03-14,10:03:23,34.101173,118.272403,132.7
2023-03-14,10:03:24,34.101122,118.272412,132.2
2023-03-14,10:03:25,34.101067,118.272416,132.4
2023-03-14,10:03:26,34.101011,118.272419,132.5
2023-03-14,10:03:27,34.100958,118.272414,132.3
2023-03-14,10:03:28,34.100903,118.272417,132.5
2023-03-14,10:03:29,34.100849,118.272436,132.3
2023-03-14,10:03:30,34.100789,118.27243,131.5
2023-03-14,10:03:31,34.100733,118.272433,131.7
2023-03-14,10:03:32,34.100676,118.272447,132.2
2023-03-14,10:03:33,34.100613,118.27245,131.9
2023-03-14,10:03:34,34.100562,118.272459,131.3
2023-03-14,10:03:35,34.100506,118.272463,131.5
2023-03-14,10:03:36,34.100455,118.272472,130.9
2023-03-14,10:03:37,34.1004,118.272475,131.1
2023-03-14,10:03:38,34.100344,118.272479,131.2
2023-03-14,10:03:39,34.100281,118.272483,130.8
2023-03-14,10:03:40,34.10023,118.272492,130.3
2023-03-14,10:03:41,34.100175,118.272495,130.5
2023-03-14,10:03:42,34.100117,118.272509,131
2023-03-14,10:03:43,34.100066,118.272517,130.5
2023-03-14,10:03:44,34.100003,118.272521,130.1
2023-03-14,10:03:45,34.099947,118.272525,130.2
2023-03-14,10:03:46,34.099894,118.272543,130.1
2023-03-14,10:03:47,34.099839,118.272547,130.2
2023-03-14,10:03:48,34.099788,118.272556,129.7
2023-03-14,10:03:49,34.099734,118.272574,129.5
2023-03-14,10:03:50,34.099683,118.272583,128.9
2023-03-14,10:03:51,34.099635,118.272587,129.7
2023-03-14,10:03:52,34.099584,118.272595,129.1
2023-03-14,10:03:53,34.099526,118.272609,129.7
2023-03-14,10:03:54,34.099475,118.272617,129.1
2023-03-14,10:03:55,34.099422,118.272636,129
2023-03-14,10:03:56,34.099371,118.272669,128.4
2023-03-14,10:03:57,34.099322,118.272692,127.6
2023-03-14,10:03:58,34.099268,118.272711,127.4
2023-03-14,10:03:59,34.099215,118.272729,127.2
2023-03-14,10:04:00,34.099157,118.272742,127.8
2023-03-14,10:04:01,34.099106,118.272751,127.2
2023-03-14,10:04:02,34.099058,118.272755,127.9
2023-03-14,10:04:03,34.099009,118.272778,127
2023-03-14,10:04:04,34.098963,118.272797,127.4
2023-03-14,10:04:05,34.098914,118.27282,126.5
2023-03-14,10:04:06,34.098873,118.272844,126.2
2023-03-14,10:04:07,34.098827,118.272862,126.6
2023-03-14,10:04:08,34.098785,118.272885,126.3
2023-03-14,10:04:09,34.098751,118.272909,126.5
2023-03-14,10:04:10,34.09871,118.272932,126.2
2023-03-14,10:04:11,34.098666,118.272966,126.2
2023-03-14,10:04:12,34.098632,118.272989,126.4
2023-03-14,10:04:13,34.0986,118.273003,126.3
2023-03-14,10:04:14,34.098554,118.273021,126.7
2023-03-14,10:04:15,34.098522,118.273035,126.5
2023-03-14,10:04:16,34.098476,118.273054,126.9
2023-03-14,10:04:17,34.098433,118.273087,126.9
2023-03-14,10:04:18,34.098389,118.27312,127
2023-03-14,10:04:19,34.098347,118.273143,126.7
2023-03-14,10:04:20,34.098299,118.273171,127.4
2023-03-14,10:04:21,34.098248,118.273204,126.9
2023-03-14,10:04:22,34.098211,118.273237,127.6
2023-03-14,10:04:23,34.098167,118.27327,127.6
2023-03-14,10:04:24,34.098123,118.273303,127.7
2023-03-14,10:04:25,34.098075,118.273331,128.4
2023-03-14,10:04:26,34.098037,118.27335,129.4
2023-03-14,10:04:27,34.097997,118.273388,128.7
2023-03-14,10:04:28,34.097956,118.273416,130.1
2023-03-14,10:04:29,34.097912,118.273449,130.1
2023-03-14,10:04:30,34.097868,118.273482,130.2
2023-03-14,10:04:31,34.097825,118.273515,130.2
2023-03-14,10:04:32,34.097786,118.273557,131.3
2023-03-14,10:04:33,34.097742,118.27359,131.3
2023-03-14,10:04:34,34.097703,118.273633,132.3
2023-03-14,10:04:35,34.097661,118.273681,132
2023-03-14,10:04:36,34.097627,118.273728,132.3
2023-03-14,10:04:37,34.097583,118.273761,132.4
2023-03-14,10:04:38,34.097549,118.273809,132.6
2023-03-14,10:04:39,34.097517,118.273847,132.5
2023-03-14,10:04:40,34.097482,118.273895,132.8
2023-03-14,10:04:41,34.09745,118.273933,132.7
2023-03-14,10:04:42,34.097406,118.273966,132.8
2023-03-14,10:04:43,34.097372,118.274014,133
2023-03-14,10:04:44,34.09734,118.274052,132.9
2023-03-14,10:04:45,34.097294,118.274095,133.4
2023-03-14,10:04:46,34.097257,118.274128,134
2023-03-14,10:04:47,34.097223,118.274176,134.3
2023-03-14,10:04:48,34.097174,118.274223,133.4
2023-03-14,10:04:49,34.097139,118.274271,133.7
2023-03-14,10:04:50,34.097097,118.274319,133.4
2023-03-14,10:04:51,34.097068,118.274372,133
2023-03-14,10:04:52,34.097033,118.274419,133.3
2023-03-14,10:04:53,34.096991,118.274467,133
2023-03-14,10:04:54,34.096955,118.2745,133.6
2023-03-14,10:04:55,34.096921,118.274548,133.9
2023-03-14,10:04:56,34.096886,118.274595,134.2
2023-03-14,10:04:57,34.096844,118.274643,133.9
2023-03-14,10:04:58,34.096805,118.274681,133.2
2023-03-14,10:04:59,34.096773,118.27472,133.1
2023-03-14,10:05:00,34.096751,118.274748,133.1
2023-03-14,10:05:01,34.096729,118.274777,133.2
2023-03-14,10:05:02,34.096709,118.274796,132.9
2023-03-14,10:05:03,34.096689,118.274815,132.5
2023-03-14,10:05:04,34.096675,118.274844,133.1
2023-03-14,10:05:05,34.096655,118.274863,132.8
2023-03-14,10:05:06,34.096625,118.274891,132.3
2023-03-14,10:05:07,34.096603,118.27492,132.4
2023-03-14,10:05:08,34.096576,118.274939,131.5
2023-03-14,10:05:09,34.09655,118.274963,132.2
2023-03-14,10:05:10,34.096518,118.274976,132.1
2023-03-14,10:05:11,34.096496,118.275005,132.1
2023-03-14,10:05:12,34.096471,118.275043,132.6
2023-03-14,10:05:13,34.096437,118.275067,132.8
2023-03-14,10:05:14,34.096401,118.2751,133.4
2023-03-14,10:05:15,34.096367,118.275123,133.6
2023-03-14,10:05:16,34.09633,118.275156,134.3
2023-03-14,10:05:17,34.096298,118.275195,134.1
2023-03-14,10:05:18,34.096262,118.275228,134.8
2023-03-14,10:05:19,34.09623,118.275266,134.6
2023-03-14,10:05:20,34.0962,118.275294,134.1
2023-03-14,10:05:21,34.096168,118.275333,134
2023-03-14,10:05:22,34.096142,118.275356,134.8
2023-03-14,10:05:23,34.09611,118.275394,134.7
2023-03-14,10:05:24,34.096086,118.275408,135.1
2023-03-14,10:05:25,34.096056,118.275437,134.6
2023-03-14,10:05:26,34.096027,118.27547,135.8
2023-03-14,10:05:27,34.095998,118.275498,135.3
2023-03-14,10:05:28,34.095961,118.275532,135.9
2023-03-14,10:05:29,34.095932,118.27556,135.4
2023-03-14,10:05:30,34.0959,118.275598,135.3
2023-03-14,10:05:31,34.095868,118.275636,135.2
2023-03-14,10:05:32,34.095836,118.275675,135
2023-03-14,10:05:33,34.095796,118.275713,134.4
2023-03-14,10:05:34,34.095764,118.275751,134.3
2023-03-14,10:05:35,34.095732,118.275789,134.1
2023-03-14,10:05:36,34.095705,118.275832,133.3
2023-03-14,10:05:37,34.095682,118.275885,133.4
2023-03-14,10:05:38,34.095662,118.275929,133.1
2023-03-14,10:05:39,34.095635,118.275972,132.3
2023-03-14,10:05:40,34.095603,118.27601,132.2
2023-03-14,10:05:41,34.095578,118.276048,132.6
2023-03-14,10:05:42,34.095537,118.276072,132.3
2023-03-14,10:05:43,34.095503,118.276095,132.5
2023-03-14,10:05:44,34.095459,118.276128,132.6
2023-03-14,10:05:45,34.095425,118.276152,132.8
2023-03-14,10:05:46,34.095393,118.27619,132.7
2023-03-14,10:05:47,34.095361,118.276228,132.6
2023-03-14,10:05:48,34.095329,118.276266,132.5
2023-03-14,10:05:49,34.095295,118.276314,132.7
2023-03-14,10:05:50,34.095261,118.276338,133
2023-03-14,10:05:51,34.095229,118.276376,132.8
2023-03-14,10:05:52,34.095197,118.276414,132.7
2023-03-14,10:05:53,34.095168,118.276447,133.9
2023-03-14,10:05:54,34.095136,118.276485,133.8
2023-03-14,10:05:55,34.095096,118.276523,133.1
2023-03-14,10:05:56,34.095064,118.276561,133
2023-03-14,10:05:57,34.095037,118.276605,132.2
2023-03-14,10:05:58,34.095005,118.276643,132.1
2023-03-14,10:05:59,34.09497,118.276691,132.3
2023-03-14,10:06:00,34.094927,118.276724,132.4
2023-03-14,10:06:01,34.094906,118.276767,132.1
2023-03-14,10:06:02,34.094874,118.276805,132
2023-03-14,10:06:03,34.094843,118.276843,131.9
2023-03-14,10:06:04,34.094803,118.276882,131.2
2023-03-14,10:06:05,34.094771,118.27692,131.1
2023-03-14,10:06:06,34.094739,118.276958,131
2023-03-14,10:06:07,34.094697,118.277006,130.7
2023-03-14,10:06:08,34.094661,118.277039,131.3
2023-03-14,10:06:09,34.094641,118.277082,131
2023-03-14,10:06:10,34.094604,118.277115,131.7
2023-03-14,10:06:11,34.094565,118.277153,131
2023-03-14,10:06:12,34.094529,118.277186,131.6
2023-03-14,10:06:13,34.094499,118.277215,131.1
2023-03-14,10:06:14,34.094467,118.277253,131
2023-03-14,10:06:15,34.094433,118.277301,131.3
2023-03-14,10:06:16,34.094399,118.277324,131.5
2023-03-14,10:06:17,34.094362,118.277357,132.1
2023-03-14,10:06:18,34.094323,118.277395,131.4
2023-03-14,10:06:19,34.094291,118.277434,131.3
2023-03-14,10:06:20,34.094259,118.277472,131.2
2023-03-14,10:06:21,34.094239,118.277515,130.9
2023-03-14,10:06:22,34.094204,118.277563,131.2
2023-03-14,10:06:23,34.094184,118.277606,130.9
2023-03-14,10:06:24,34.094145,118.277644,130.3
2023-03-14,10:06:25,34.094113,118.277682,130.1
2023-03-14,10:06:26,34.094073,118.277721,129.5
2023-03-14,10:06:27,34.09403,118.277754,129.5
2023-03-14,10:06:28,34.093998,118.277792,129.4
2023-03-14,10:06:29,34.09397,118.277835,128.6
2023-03-14,10:06:30,34.093936,118.277883,128.9
2023-03-14,10:06:31,34.093899,118.277911,127.8
2023-03-14,10:06:32,34.093862,118.277944,128.4
2023-03-14,10:06:33,34.093818,118.277978,128.5
2023-03-14,10:06:34,34.093784,118.278001,128.7
2023-03-14,10:06:35,34.093747,118.27803,127.6
2023-03-14,10:06:36,34.093708,118.278044,126.9
2023-03-14,10:06:37,34.093667,118.278067,126.6
2023-03-14,10:06:38,34.09363,118.278071,125.4
2023-03-14,10:06:39,34.093586,118.27808,125.4
2023-03-14,10:06:40,34.093555,118.27807,125.2
2023-03-14,10:06:41,34.093516,118.27806,124.4
2023-03-14,10:06:42,34.093475,118.278059,124
2023-03-14,10:06:43,34.093444,118.278073,123.9
2023-03-14,10:06:44,34.093408,118.278082,124.4
2023-03-14,10:06:45,34.093368,118.278096,123.7
2023-03-14,10:06:46,34.093317,118.278105,123.1
2023-03-14,10:06:47,34.093274,118.278113,123.1
2023-03-14,10:06:48,34.09323,118.278122,123.1
2023-03-14,10:06:49,34.093196,118.278146,123.4
2023-03-14,10:06:50,34.093153,118.278155,123.4
2023-03-14,10:06:51,34.093109,118.278163,123.4
2023-03-14,10:06:52,34.093063,118.278182,123.8
2023-03-14,10:06:53,34.093024,118.278196,123
2023-03-14,10:06:54,34.092976,118.278199,123.8
2023-03-14,10:06:55,34.092933,118.278208,123.8
2023-03-14,10:06:56,34.092887,118.278202,124.1
2023-03-14,10:06:57,34.092836,118.278211,123.5
2023-03-14,10:06:58,34.092792,118.27822,123.5
2023-03-14,10:06:59,34.092744,118.278219,122.6
2023-03-14,10:07:00,34.092696,118.278223,123.3
2023-03-14,10:07:01,34.092643,118.278217,123.1
2023-03-14,10:07:02,34.092599,118.278202,123.1
2023-03-14,10:07:03,34.092554,118.278196,123.4
2023-03-14,10:07:04,34.092511,118.27818,123.3
2023-03-14,10:07:05,34.09247,118.278155,122.9
2023-03-14,10:07:06,34.092427,118.27814,122.8
2023-03-14,10:07:07,34.092383,118.278125,122.8
2023-03-14,10:07:08,34.092336,118.278104,123.5
2023-03-14,10:07:09,34.092305,118.27807,123.2
2023-03-14,10:07:10,34.092269,118.27803,123.6
2023-03-14,10:07:11,34.092238,118.277996,123.3
2023-03-14,10:07:12,34.092198,118.277971,122.9
2023-03-14,10:07:13,34.09216,118.277941,123.7
2023-03-14,10:07:14,34.092114,118.277935,124.1
2023-03-14,10:07:15,34.092067,118.277914,124.8
2023-03-14,10:07:16,34.092028,118.277904,124
2023-03-14,10:07:17,34.091982,118.277898,124.3
2023-03-14,10:07:18,34.091946,118.277883,124.8
2023-03-14,10:07:19,34.091906,118.277858,124.4
2023-03-14,10:07:20,34.09187,118.277842,124.9
2023-03-14,10:07:21,34.091829,118.277817,124.4
2023-03-14,10:07:22,34.091781,118.277797,125.1
2023-03-14,10:07:23,34.091738,118.277781,125.1
2023-03-14,10:07:24,34.091695,118.277766,125
2023-03-14,10:07:25,34.091652,118.277751,124.9
2023-03-14,10:07:26,34.091606,118.27772,125.2
2023-03-14,10:07:27,34.091563,118.277705,125.2
2023-03-14,10:07:28,34.091518,118.277699,125.5
2023-03-14,10:07:29,34.091465,118.277693,125.3
2023-03-14,10:07:30,34.091421,118.277678,125.2
2023-03-14,10:07:31,34.091371,118.277663,124.6
2023-03-14,10:07:32,34.091323,118.277642,125.3
2023-03-14,10:07:33,34.091278,118.277612,125.6
2023-03-14,10:07:34,34.091235,118.277597,125.5
2023-03-14,10:07:35,34.091182,118.277566,125.2
2023-03-14,10:07:36,34.091146,118.277551,125.8
2023-03-14,10:07:37,34.091103,118.277536,125.7
2023-03-14,10:07:38,34.09106,118.27752,125.6
2023-03-14,10:07:39,34.091007,118.277514,125.4
2023-03-14,10:07:40,34.090966,118.277489,125
2023-03-14,10:07:41,34.090923,118.277474,124.9
2023-03-14,10:07:42,34.090879,118.277459,124.9
2023-03-14,10:07:43,34.090848,118.277424,124.6
2023-03-14,10:07:44,34.090815,118.277399,124.7
2023-03-14,10:07:45,34.09078,118.27736,125.2
2023-03-14,10:07:46,34.090734,118.27733,125.4
2023-03-14,10:07:47,34.090691,118.277314,125.4
2023-03-14,10:07:48,34.090655,118.277299,125.9
2023-03-14,10:07:49,34.090612,118.277283,125.8
2023-03-14,10:07:50,34.090569,118.277268,125.8
2023-03-14,10:07:51,34.090526,118.277253,125.7
2023-03-14,10:07:52,34.09049,118.277237,126.2
2023-03-14,10:07:53,34.090454,118.277222,126.7
2023-03-14,10:07:54,34.090413,118.277221,126.4
2023-03-14,10:07:55,34.090379,118.27722,126.5
2023-03-14,10:07:56,34.090348,118.277234,126.4
2023-03-14,10:07:57,34.090324,118.277248,126.7
2023-03-14,10:07:58,34.090304,118.277243,126.4
2023-03-14,10:07:59,34.090285,118.277238,126
2023-03-14,10:08:00,34.090263,118.277218,125.9
2023-03-14,10:08:01,34.090242,118.277198,125.9
2023-03-14,10:08:02,34.090222,118.277189,123.8
2023-03-14,10:08:03,34.090198,118.277154,124.1
2023-03-14,10:08:04,34.090179,118.277125,123.6
2023-03-14,10:08:05,34.09016,118.277096,123.2
2023-03-14,10:08:06,34.090139,118.277076,123.1
2023-03-14,10:08:07,34.090117,118.277056,123.1
2023-03-14,10:08:08,34.090094,118.277046,123.4
2023-03-14,10:08:09,34.090072,118.277026,123.3
2023-03-14,10:08:10,34.090041,118.277016,123.1
2023-03-14,10:08:11,34.090022,118.276986,122.7
2023-03-14,10:08:12,34.089998,118.276952,123
2023-03-14,10:08:13,34.089967,118.276917,122.7
2023-03-14,10:08:14,34.089938,118.276898,122.1
2023-03-14,10:08:15,34.089917,118.276853,122
2023-03-14,10:08:16,34.08988,118.276823,122.8
2023-03-14,10:08:17,34.089834,118.276793,123.1
2023-03-14,10:08:18,34.089794,118.276768,122.6
2023-03-14,10:08:19,34.08975,118.276753,122.6
2023-03-14,10:08:20,34.089709,118.276728,122.1
2023-03-14,10:08:21,34.089674,118.276713,122.6
2023-03-14,10:08:22,34.089628,118.276683,122.9
2023-03-14,10:08:23,34.089588,118.276658,122.5
2023-03-14,10:08:24,34.089554,118.276633,122.6
2023-03-14,10:08:25,34.089513,118.276608,122.1
2023-03-14,10:08:26,34.08948,118.276583,122.3
2023-03-14,10:08:27,34.089457,118.276548,122.5
2023-03-14,10:08:28,34.089425,118.276538,122.3
2023-03-14,10:08:29,34.089392,118.276513,122.4
2023-03-14,10:08:30,34.089361,118.276503,122.2
2023-03-14,10:08:31,34.089329,118.276493,122
2023-03-14,10:08:32,34.089298,118.276482,121.8
2023-03-14,10:08:33,34.089276,118.276487,121.8
2023-03-14,10:08:34,34.089252,118.276476,122.1
2023-03-14,10:08:35,34.089233,118.276471,121.7
2023-03-14,10:08:36,34.089202,118.276461,121.5
2023-03-14,10:08:37,34.089174,118.276446,122.6
2023-03-14,10:08:38,34.089157,118.276431,121.8
2023-03-14,10:08:39,34.089125,118.276421,121.5
2023-03-14,10:08:40,34.089099,118.27642,122.3
2023-03-14,10:08:41,34.089068,118.27641,122.1
2023-03-14,10:08:42,34.089027,118.276409,121.7
2023-03-14,10:08:43,34.088993,118.276408,121.8
2023-03-14,10:08:44,34.088957,118.276393,122.3
2023-03-14,10:08:45,34.088926,118.276383,122.1
2023-03-14,10:08:46,34.0889,118.276358,122.8
2023-03-14,10:08:47,34.088881,118.276328,122.3
2023-03-14,10:08:48,34.088852,118.276309,121.7
2023-03-14,10:08:49,34.088811,118.276308,121.3
2023-03-14,10:08:50,34.088785,118.276307,122.1
2023-03-14,10:08:51,34.088758,118.276302,121.1
2023-03-14,10:08:52,34.088741,118.276287,120.3
2023-03-14,10:08:53,34.088721,118.276282,119.9
2023-03-14,10:08:54,34.088704,118.276267,119.2
2023-03-14,10:08:55,34.088681,118.276257,119.5
2023-03-14,10:08:56,34.088649,118.276247,119.3
2023-03-14,10:08:57,34.088625,118.276237,119.6
2023-03-14,10:08:58,34.08859,118.276221,120.1
2023-03-14,10:08:59,34.088561,118.276201,119.5
2023-03-14,10:09:00,34.088529,118.276191,119.3
2023-03-14,10:09:01,34.088494,118.276176,119.8
2023-03-14,10:09:02,34.08846,118.276151,119.9
2023-03-14,10:09:03,34.088417,118.276135,119.8
2023-03-14,10:09:04,34.088384,118.276111,120
2023-03-14,10:09:05,34.088344,118.27609,121.2
2023-03-14,10:09:06,34.088308,118.276075,121.7
2023-03-14,10:09:07,34.088269,118.276064,120.9
2023-03-14,10:09:08,34.088236,118.276039,121
2023-03-14,10:09:09,34.088196,118.276019,122.3
2023-03-14,10:09:10,34.088152,118.276003,122.2
2023-03-14,10:09:11,34.088107,118.275973,122.5
2023-03-14,10:09:12,34.088071,118.275958,123
2023-03-14,10:09:13,34.087997,118.275908,122.7
2023-03-14,10:09:14,34.087956,118.275883,122.2
2023-03-14,10:09:15,34.087923,118.275882,122.4
2023-03-14,10:09:16,34.087891,118.275872,122.2
2023-03-14,10:09:17,34.08786,118.275862,122
2023-03-14,10:09:18,34.087826,118.275861,122.1
2023-03-14,10:09:19,34.08779,118.27587,122.7
2023-03-14,10:09:20,34.087761,118.275899,122.2
2023-03-14,10:09:21,34.087734,118.275922,123
2023-03-14,10:09:22,34.087693,118.275946,122.6
2023-03-14,10:09:23,34.087657,118.275954,123.2
2023-03-14,10:09:24,34.087615,118.275954,122.8
2023-03-14,10:09:25,34.087572,118.275938,122.7
2023-03-14,10:09:26,34.087529,118.275923,122.7
2023-03-14,10:09:27,34.087488,118.275898,122.2
2023-03-14,10:09:28,34.087447,118.275873,121.8
2023-03-14,10:09:29,34.087406,118.275848,121.4
2023-03-14,10:09:30,34.087361,118.275818,121.6
2023-03-14,10:09:31,34.087328,118.275793,121.8
2023-03-14,10:09:32,34.087285,118.275778,121.7
2023-03-14,10:09:33,34.087253,118.275767,121.5
2023-03-14,10:09:34,34.087218,118.275752,122
2023-03-14,10:09:35,34.087186,118.275742,121.8
2023-03-14,10:09:36,34.087157,118.275722,121.1
2023-03-14,10:09:37,34.087124,118.275697,121.3
2023-03-14,10:09:38,34.087093,118.275687,121
2023-03-14,10:09:39,34.087052,118.275662,120.6
2023-03-14,10:09:40,34.087009,118.275646,120.5
2023-03-14,10:09:41,34.086966,118.275631,120.5
2023-03-14,10:09:42,34.08692,118.275601,120.8
2023-03-14,10:09:43,34.086881,118.275591,120
2023-03-14,10:09:44,34.086848,118.275566,120.1
2023-03-14,10:09:45,34.086805,118.27555,120
2023-03-14,10:09:46,34.086762,118.275535,120
2023-03-14,10:09:47,34.086721,118.27551,119.5
2023-03-14,10:09:48,34.086682,118.2755,118.8
2023-03-14,10:09:49,34.086639,118.275484,118.7
2023-03-14,10:09:50,34.086598,118.275459,118.3
2023-03-14,10:09:51,34.086555,118.275444,118.2
2023-03-14,10:09:52,34.086514,118.275419,117.8
2023-03-14,10:09:53,34.086471,118.275404,117.7
2023-03-14,10:09:54,34.086428,118.275388,117.7
2023-03-14,10:09:55,34.086387,118.275363,117.2
2023-03-14,10:09:56,34.086344,118.275348,117.2
2023-03-14,10:09:57,34.08631,118.275323,117.3
2023-03-14,10:09:58,34.086269,118.275298,116.8
2023-03-14,10:09:59,34.086226,118.275283,116.8
2023-03-14,10:10:00,34.086187,118.275272,116
2023-03-14,10:10:01,34.086147,118.275247,115.5
2023-03-14,10:10:02,34.086103,118.275232,115.5
2023-03-14,10:10:03,34.086063,118.275207,115
2023-03-14,10:10:04,34.086019,118.275192,115
2023-03-14,10:10:05,34.085964,118.275171,115.1
2023-03-14,10:10:06,34.085923,118.275146,114.7
2023-03-14,10:10:07,34.08588,118.275131,114.6
2023-03-14,10:10:08,34.085827,118.275101,114.3
2023-03-14,10:10:09,34.085784,118.275085,114.3
2023-03-14,10:10:10,34.085743,118.27506,113.8
2023-03-14,10:10:11,34.085688,118.27504,113.9
2023-03-14,10:10:12,34.085645,118.275024,113.9
2023-03-14,10:10:13,34.085592,118.274994,113.6
2023-03-14,10:10:14,34.085549,118.274979,113.6
2023-03-14,10:10:15,34.085506,118.274964,113.5
2023-03-14,10:10:16,34.085451,118.274943,113.6
2023-03-14,10:10:17,34.08541,118.274942,113.2
2023-03-14,10:10:18,34.085366,118.274927,113.2
2023-03-14,10:10:19,34.085333,118.274926,113.3
2023-03-14,10:10:20,34.085311,118.274906,113.3
2023-03-14,10:10:21,34.08528,118.274896,113.1
2023-03-14,10:10:22,34.085242,118.27489,114
2023-03-14,10:10:23,34.085199,118.274875,113.9
2023-03-14,10:10:24,34.085167,118.274865,113.7
2023-03-14,10:10:25,34.085126,118.274864,113.3
2023-03-14,10:10:26,34.085093,118.274863,113.5
2023-03-14,10:10:27,34.085056,118.274872,114
2023-03-14,10:10:28,34.085037,118.274891,113.7
2023-03-14,10:10:29,34.085015,118.27492,113.8
2023-03-14,10:10:30,34.085002,118.274939,114
2023-03-14,10:10:31,34.084978,118.274953,114.4
2023-03-14,10:10:32,34.084959,118.274948,114
2023-03-14,10:10:33,34.084956,118.274981,114.4
2023-03-14,10:10:34,34.084939,118.274991,113.7
2023-03-14,10:10:35,34.084924,118.274995,114.3
2023-03-14,10:10:36,34.084907,118.274981,113.5
2023-03-14,10:10:37,34.08491,118.274947,113
2023-03-14,10:10:38,34.084925,118.274918,112.4
2023-03-14,10:10:39,34.084949,118.27488,112
2023-03-14,10:10:40,34.084964,118.274851,111.3
2023-03-14,10:10:41,34.084977,118.274808,111.1
2023-03-14,10:10:42,34.084969,118.274784,110.5
2023-03-14,10:10:43,34.084952,118.274769,109.7
2023-03-14,10:10:44,34.084924,118.274749,109.1
2023-03-14,10:10:45,34.08488,118.274734,109
2023-03-14,10:10:46,34.084849,118.274724,108.8
2023-03-14,10:10:47,34.084808,118.274699,108.3
2023-03-14,10:10:48,34.084767,118.274674,107.9
2023-03-14,10:10:49,34.084727,118.274653,109.1
2023-03-14,10:10:50,34.084684,118.274638,109.1
2023-03-14,10:10:51,34.084643,118.274613,108.6
2023-03-14,10:10:52,34.0846,118.274598,108.6
2023-03-14,10:10:53,34.084555,118.274568,108.9
2023-03-14,10:10:54,34.084511,118.274552,108.8
2023-03-14,10:10:55,34.084468,118.274537,108.7
2023-03-14,10:10:56,34.084427,118.274512,108.3
2023-03-14,10:10:57,34.084382,118.274482,108.6
2023-03-14,10:10:58,34.084339,118.274466,108.5
2023-03-14,10:10:59,34.084298,118.274441,108.1
2023-03-14,10:11:00,34.084255,118.274426,108
2023-03-14,10:11:01,34.084216,118.274416,107.2
2023-03-14,10:11:02,34.08418,118.2744,107.8
2023-03-14,10:11:03,34.084139,118.2744,107.4
2023-03-14,10:11:04,34.084103,118.274384,107.9
2023-03-14,10:11:05,34.084063,118.274359,107.4
2023-03-14,10:11:06,34.084029,118.274334,107.5
2023-03-14,10:11:07,34.083996,118.274309,107.7
2023-03-14,10:11:08,34.083967,118.27429,107
2023-03-14,10:11:09,34.083941,118.274265,107.7
2023-03-14,10:11:10,34.083905,118.274249,108.2
2023-03-14,10:11:11,34.083865,118.274224,107.8
2023-03-14,10:11:12,34.083829,118.274209,108.3
2023-03-14,10:11:13,34.083793,118.274194,108.8
2023-03-14,10:11:14,34.083752,118.274169,108.3
2023-03-14,10:11:15,34.083719,118.274144,108.5
2023-03-14,10:11:16,34.083681,118.274114,109.3
2023-03-14,10:11:17,34.083638,118.274098,109.3
2023-03-14,10:11:18,34.083597,118.274073,108.8
2023-03-14,10:11:19,34.083566,118.274039,108.5
2023-03-14,10:11:20,34.083533,118.274014,108.6
2023-03-14,10:11:21,34.083499,118.273989,108.8
2023-03-14,10:11:22,34.083466,118.273964,108.9
2023-03-14,10:11:23,34.083433,118.273939,109
2023-03-14,10:11:24,34.083404,118.273919,108.4
2023-03-14,10:11:25,34.08337,118.273894,108.5
2023-03-14,10:11:26,34.083342,118.273875,107.9
2023-03-14,10:11:27,34.083318,118.273864,108.2
2023-03-14,10:11:28,34.083296,118.273844,108.2
2023-03-14,10:11:29,34.083277,118.273815,107.7
2023-03-14,10:11:30,34.083266,118.273786,107.8
2023-03-14,10:11:31,34.08325,118.273751,108.7
2023-03-14,10:11:32,34.083226,118.273717,108.9
2023-03-14,10:11:33,34.083205,118.273697,108.9
2023-03-14,10:11:34,34.083174,118.273663,108.6
2023-03-14,10:11:35,34.083148,118.273638,109.3
2023-03-14,10:11:36,34.083121,118.273608,108.3
2023-03-14,10:11:37,34.083084,118.273578,109.1
2023-03-14,10:11:38,34.083053,118.273544,108.9
2023-03-14,10:11:39,34.083022,118.273509,108.6
2023-03-14,10:11:40,34.082979,118.27347,108.5
2023-03-14,10:11:41,34.082943,118.27343,108.9
2023-03-14,10:11:42,34.082902,118.273405,108.5
2023-03-14,10:11:43,34.082867,118.273365,108.9
2023-03-14,10:11:44,34.082836,118.273331,108.6
2023-03-14,10:11:45,34.082811,118.273282,109.3
2023-03-14,10:11:46,34.082785,118.273233,109.9
2023-03-14,10:11:47,34.082756,118.273189,109.2
2023-03-14,10:11:48,34.082721,118.273149,109.7
2023-03-14,10:11:49,34.082688,118.2731,109.7
2023-03-14,10:11:50,34.082655,118.273051,109.8
2023-03-14,10:11:51,34.082622,118.273002,109.8
2023-03-14,10:11:52,34.082587,118.272962,110.3
2023-03-14,10:11:53,34.082554,118.272913,110.4
2023-03-14,10:11:54,34.082521,118.272864,110.4
2023-03-14,10:11:55,34.082493,118.272824,111.4
2023-03-14,10:11:56,34.082464,118.27278,110.8
2023-03-14,10:11:57,34.082427,118.272726,111.6
2023-03-14,10:11:58,34.082394,118.272677,111.6
2023-03-14,10:11:59,34.082358,118.272637,112.1
2023-03-14,10:12:00,34.082325,118.272588,112.1
2023-03-14,10:12:01,34.082306,118.272534,111.6
2023-03-14,10:12:02,34.082271,118.272495,112.1
2023-03-14,10:12:03,34.082236,118.272455,112.5
2023-03-14,10:12:04,34.082205,118.27242,112.2
2023-03-14,10:12:05,34.082169,118.272381,112.7
2023-03-14,10:12:06,34.082138,118.272346,112.4
2023-03-14,10:12:07,34.082103,118.272307,112.9
2023-03-14,10:12:08,34.082082,118.272263,112.8
2023-03-14,10:12:09,34.082046,118.272223,113.2
2023-03-14,10:12:10,34.082025,118.272179,113.1
2023-03-14,10:12:11,34.08199,118.27214,113.6
2023-03-14,10:12:12,34.081969,118.272095,113.4
2023-03-14,10:12:13,34.081936,118.272051,115.2
2023-03-14,10:12:14,34.081908,118.272007,114.5
2023-03-14,10:12:15,34.081872,118.271967,115
2023-03-14,10:12:16,34.081851,118.271923,114.9
2023-03-14,10:12:17,34.081818,118.271874,114.9
2023-03-14,10:12:18,34.081783,118.271834,115.4
2023-03-14,10:12:19,34.081754,118.27179,114.7
2023-03-14,10:12:20,34.081729,118.271741,115.3
2023-03-14,10:12:21,34.081693,118.271702,115.8
2023-03-14,10:12:22,34.08166,118.271652,115.8
2023-03-14,10:12:23,34.081625,118.271613,116.3
2023-03-14,10:12:24,34.081582,118.271573,116.2
2023-03-14,10:12:25,34.081549,118.271524,116.2
2023-03-14,10:12:26,34.081516,118.271475,116.3
2023-03-14,10:12:27,34.081481,118.271435,116.8
2023-03-14,10:12:28,34.081445,118.271396,117.2
2023-03-14,10:12:29,34.081402,118.271356,117.1
2023-03-14,10:12:30,34.081369,118.271307,117.2
2023-03-14,10:12:31,34.081344,118.271258,117.8
2023-03-14,10:12:32,34.081308,118.271218,118.2
2023-03-14,10:12:33,34.08127,118.271188,119.1
2023-03-14,10:12:34,34.081235,118.271148,119.5
2023-03-14,10:12:35,34.081202,118.271099,119.6
2023-03-14,10:12:36,34.081169,118.27105,119.6
2023-03-14,10:12:37,34.081124,118.27102,119.9
2023-03-14,10:12:38,34.081088,118.27098,120.4
2023-03-14,10:12:39,34.081048,118.270931,119.9
2023-03-14,10:12:40,34.081017,118.270897,119.6
2023-03-14,10:12:41,34.080979,118.270867,120.4
2023-03-14,10:12:42,34.080948,118.270832,120.2
2023-03-14,10:12:43,34.08092,118.270793,121.2
2023-03-14,10:12:44,34.080887,118.270768,121.3
2023-03-14,10:12:45,34.080853,118.270743,121.4
2023-03-14,10:12:46,34.08083,118.270708,121.7
2023-03-14,10:12:47,34.080806,118.270674,122
2023-03-14,10:12:48,34.080783,118.270639,122.3
2023-03-14,10:12:49,34.080762,118.27062,122.2
2023-03-14,10:12:50,34.080748,118.2706,122.7
2023-03-14,10:12:51,34.080729,118.27057,122.3
2023-03-14,10:12:52,34.080715,118.270551,122.8
2023-03-14,10:12:53,34.080705,118.270536,122.6
2023-03-14,10:12:54,34.080691,118.270516,123.1
2023-03-14,10:12:55,34.080679,118.270511,123.2
2023-03-14,10:12:56,34.080662,118.270496,122.4
2023-03-14,10:12:57,34.08065,118.270491,122.6
2023-03-14,10:12:58,34.080629,118.270471,122.6
2023-03-14,10:12:59,34.080607,118.270452,122.5
2023-03-14,10:13:00,34.080586,118.270432,122.4
2023-03-14,10:13:01,34.080557,118.270412,121.8
2023-03-14,10:13:02,34.080531,118.270387,122.5
2023-03-14,10:13:03,34.080498,118.270362,122.6
2023-03-14,10:13:04,34.080464,118.270337,122.7
2023-03-14,10:13:05,34.080436,118.270317,122.1
2023-03-14,10:13:06,34.080402,118.270292,122.2
2023-03-14,10:13:07,34.080369,118.270267,122.4
2023-03-14,10:13:08,34.080338,118.270233,122.1
2023-03-14,10:13:09,34.080304,118.270208,122.2
2023-03-14,10:13:10,34.080274,118.270174,121.9
2023-03-14,10:13:11,34.080243,118.270139,121.6
2023-03-14,10:13:12,34.080217,118.27009,122.3
2023-03-14,10:13:13,34.080194,118.270055,122.5
2023-03-14,10:13:14,34.080165,118.270011,121.9
2023-03-14,10:13:15,34.080137,118.269972,122.9
2023-03-14,10:13:16,34.080096,118.269947,122.4
2023-03-14,10:13:17,34.080058,118.269917,123.3
2023-03-14,10:13:18,34.080027,118.269882,123
2023-03-14,10:13:19,34.079996,118.269848,122.7
2023-03-14,10:13:20,34.079973,118.269813,123
2023-03-14,10:13:21,34.079952,118.269769,122.9
2023-03-14,10:13:22,34.079935,118.26973,122.1
2023-03-14,10:13:23,34.079922,118.269686,122.5
2023-03-14,10:13:24,34.079896,118.269637,123.1
2023-03-14,10:13:25,34.079867,118.269593,122.5
2023-03-14,10:13:26,34.079842,118.269544,123.1
2023-03-14,10:13:27,34.079809,118.269495,123.1
2023-03-14,10:13:28,34.079776,118.269446,123.2
2023-03-14,10:13:29,34.079748,118.269382,124.2
2023-03-14,10:13:30,34.079715,118.269333,124.2
2023-03-14,10:13:31,34.079692,118.269274,124.5
2023-03-14,10:13:32,34.079663,118.26923,123.8
2023-03-14,10:13:33,34.079638,118.269181,124.4
2023-03-14,10:13:34,34.079615,118.269122,124.6
2023-03-14,10:13:35,34.079586,118.269078,124
2023-03-14,10:13:36,34.079563,118.26902,124.2
2023-03-14,10:13:37,34.079542,118.268976,124.1
2023-03-14,10:13:38,34.079516,118.268922,123
2023-03-14,10:13:39,34.07949,118.268873,123.6
2023-03-14,10:13:40,34.079464,118.268819,122.6
2023-03-14,10:13:41,34.079438,118.26877,123.2
2023-03-14,10:13:42,34.079417,118.268726,123.1
2023-03-14,10:13:43,34.079394,118.268667,123.3
2023-03-14,10:13:44,34.079366,118.268623,122.6
2023-03-14,10:13:45,34.07934,118.268574,123.3
2023-03-14,10:13:46,34.079317,118.268516,123.5
2023-03-14,10:13:47,34.079286,118.268457,123.2
2023-03-14,10:13:48,34.079265,118.268413,123.1
2023-03-14,10:13:49,34.079242,118.268354,123.3
2023-03-14,10:13:50,34.079209,118.268305,123.3
2023-03-14,10:13:51,34.079186,118.268246,123.6
2023-03-14,10:13:52,34.07916,118.268197,124.2
2023-03-14,10:13:53,34.079134,118.268144,123.1
2023-03-14,10:13:54,34.079109,118.268094,123.8
2023-03-14,10:13:55,34.079078,118.268036,123.4
2023-03-14,10:13:56,34.079052,118.267987,124
2023-03-14,10:13:57,34.079034,118.267933,123.5
2023-03-14,10:13:58,34.079001,118.267884,123.6
2023-03-14,10:13:59,34.078978,118.267825,123.8
2023-03-14,10:14:00,34.078944,118.267776,123.9
2023-03-14,10:14:01,34.078919,118.267727,124.5
2023-03-14,10:14:02,34.078888,118.267692,124.2
2023-03-14,10:14:03,34.078853,118.267653,124.7
2023-03-14,10:14:04,34.078822,118.267618,124.4
2023-03-14,10:14:05,34.078796,118.267569,125
2023-03-14,10:14:06,34.078768,118.26753,126
2023-03-14,10:14:07,34.078747,118.267486,125.9
2023-03-14,10:14:08,34.078714,118.267436,126
2023-03-14,10:14:09,34.078693,118.267392,125.9
2023-03-14,10:14:10,34.078667,118.267343,126.5
2023-03-14,10:14:11,34.078634,118.267294,126.6
2023-03-14,10:14:12,34.078609,118.267245,127.2
2023-03-14,10:14:13,34.078583,118.267196,127.8
2023-03-14,10:14:14,34.07856,118.267137,128
2023-03-14,10:14:15,34.078539,118.267093,127.9
2023-03-14,10:14:16,34.078506,118.267044,128
2023-03-14,10:14:17,34.07848,118.266995,128.6
2023-03-14,10:14:18,34.078455,118.266946,129.2
2023-03-14,10:14:19,34.078429,118.266897,129.8
2023-03-14,10:14:20,34.078407,118.266842,131.8
2023-03-14,10:14:21,34.078376,118.266784,131.4
2023-03-14,10:14:22,34.078351,118.266734,132
2023-03-14,10:14:23,34.078329,118.26669,131.9
2023-03-14,10:14:24,34.078311,118.266637,131.4
2023-03-14,10:14:25,34.078297,118.266593,131.9
2023-03-14,10:14:26,34.078264,118.266544,131.9
2023-03-14,10:14:27,34.078233,118.266509,131.7
2023-03-14,10:14:28,34.078205,118.26647,132.7
2023-03-14,10:14:29,34.078177,118.266426,132
2023-03-14,10:14:30,34.078141,118.266386,132.5
2023-03-14,10:14:31,34.078106,118.266346,132.9
2023-03-14,10:14:32,34.078073,118.266297,133
2023-03-14,10:14:33,34.078042,118.266263,132.7
2023-03-14,10:14:34,34.078006,118.266223,133.2
2023-03-14,10:14:35,34.077971,118.266183,133.6
2023-03-14,10:14:36,34.077933,118.266149,132.8
2023-03-14,10:14:37,34.077897,118.266109,133.2
2023-03-14,10:14:38,34.077859,118.266079,134.1
2023-03-14,10:14:39,34.077816,118.266064,134
2023-03-14,10:14:40,34.077773,118.266073,134
2023-03-14,10:14:41,34.077741,118.266087,133.9
2023-03-14,10:14:42,34.077695,118.266105,134.2
2023-03-14,10:14:43,34.077659,118.266114,134.8
2023-03-14,10:14:44,34.077611,118.266142,135.6
2023-03-14,10:14:45,34.077567,118.266151,135.6
2023-03-14,10:14:46,34.077521,118.266169,136
2023-03-14,10:14:47,34.077477,118.266202,136
2023-03-14,10:14:48,34.077431,118.26622,136.4
2023-03-14,10:14:49,34.077395,118.266253,137.1
2023-03-14,10:14:50,34.077341,118.266272,136.9
2023-03-14,10:14:51,34.07729,118.266305,136.4
2023-03-14,10:14:52,34.077246,118.266314,136.4
2023-03-14,10:14:53,34.077193,118.266332,136.2
2023-03-14,10:14:54,34.077147,118.26635,136.6
2023-03-14,10:14:55,34.077096,118.266383,136.1
2023-03-14,10:14:56,34.077054,118.266407,135.8
2023-03-14,10:14:57,34.076998,118.266435,136
2023-03-14,10:14:58,34.076957,118.266458,135.7
2023-03-14,10:14:59,34.076916,118.266482,135.3
2023-03-14,10:15:00,34.076874,118.266505,135
2023-03-14,10:15:01,34.076833,118.266529,134.7
2023-03-14,10:15:02,34.076799,118.266528,134.8
2023-03-14,10:15:03,34.076765,118.266527,135
2023-03-14,10:15:04,34.076726,118.266517,134.2
2023-03-14,10:15:05,34.076693,118.266492,134.3
2023-03-14,10:15:06,34.076659,118.266463,132.8
2023-03-14,10:15:07,34.076623,118.266447,133.3
2023-03-14,10:15:08,34.076582,118.266447,132.9
2023-03-14,10:15:09,34.076539,118.266456,132.9
2023-03-14,10:15:10,34.076509,118.266484,132.4
2023-03-14,10:15:11,34.076465,118.266517,132.5
2023-03-14,10:15:12,34.076424,118.266541,132.1
2023-03-14,10:15:13,34.076378,118.266559,132.5
2023-03-14,10:15:14,34.076334,118.266592,132.6
2023-03-14,10:15:15,34.0763,118.266616,132.8
2023-03-14,10:15:16,34.076256,118.266649,132.9
2023-03-14,10:15:17,34.076212,118.266657,132.9
2023-03-14,10:15:18,34.076171,118.266681,132.5
2023-03-14,10:15:19,34.076132,118.266699,133.5
2023-03-14,10:15:20,34.076091,118.266723,133.1
2023-03-14,10:15:21,34.076057,118.266746,133.4
2023-03-14,10:15:22,34.076018,118.26676,132.6
2023-03-14,10:15:23,34.075984,118.266784,132.9
2023-03-14,10:15:24,34.07596,118.266798,133.3
2023-03-14,10:15:25,34.075926,118.266797,133.4
2023-03-14,10:15:26,34.075887,118.266763,132.6
2023-03-14,10:15:27,34.075864,118.266704,132.8
2023-03-14,10:15:28,34.075848,118.266665,132
2023-03-14,10:15:29,34.075822,118.266616,132.6
2023-03-14,10:15:30,34.075797,118.266567,133.2
2023-03-14,10:15:31,34.075783,118.266523,133.7
2023-03-14,10:15:32,34.075774,118.266484,133.4
2023-03-14,10:15:33,34.075753,118.26644,133.3
2023-03-14,10:15:34,34.075744,118.266377,133
2023-03-14,10:15:35,34.075723,118.266333,132.8
2023-03-14,10:15:36,34.075713,118.266294,132.6
2023-03-14,10:15:37,34.075695,118.26624,132.1
2023-03-14,10:15:38,34.075688,118.266192,131.4
2023-03-14,10:15:39,34.075667,118.266148,131.3
2023-03-14,10:15:40,34.075658,118.266109,131
2023-03-14,10:15:41,34.075644,118.266065,131.5
2023-03-14,10:15:42,34.075627,118.266026,130.6
2023-03-14,10:15:43,34.075621,118.265978,130
2023-03-14,10:15:44,34.075609,118.265924,130
2023-03-14,10:15:45,34.075593,118.265885,129.2
2023-03-14,10:15:46,34.075581,118.265856,129.3
2023-03-14,10:15:47,34.075569,118.265826,129.4
2023-03-14,10:15:48,34.075572,118.265793,129
2023-03-14,10:15:49,34.075561,118.265763,129.1
2023-03-14,10:15:50,34.075559,118.265724,129.4
2023-03-14,10:15:51,34.075552,118.2657,128.7
2023-03-14,10:15:52,34.07555,118.265661,129
2023-03-14,10:15:53,34.075555,118.265618,128.2
2023-03-14,10:15:54,34.075553,118.265579,128.5
2023-03-14,10:15:55,34.075534,118.26555,128
2023-03-14,10:15:56,34.075521,118.265506,128.5
2023-03-14,10:15:57,34.07551,118.265452,128.5
2023-03-14,10:15:58,34.075493,118.265413,127.7
2023-03-14,10:15:59,34.07547,118.265355,127.9
2023-03-14,10:16:00,34.075449,118.265311,127.8
2023-03-14,10:16:01,34.075433,118.265276,128.7
2023-03-14,10:16:02,34.075423,118.265237,128.4
2023-03-14,10:16:03,34.075402,118.265193,128.3
2023-03-14,10:16:04,34.075383,118.265164,127.8
2023-03-14,10:16:05,34.07536,118.265129,128.1
2023-03-14,10:16:06,34.075336,118.265095,128.4
2023-03-14,10:16:07,34.075307,118.265075,127.8
2023-03-14,10:16:08,34.075267,118.26505,127.3
2023-03-14,10:16:09,34.075245,118.26503,127.3
2023-03-14,10:16:10,34.075224,118.265011,127.2
2023-03-14,10:16:11,34.075206,118.26502,126.5
2023-03-14,10:16:12,34.075196,118.26503,126.3
2023-03-14,10:16:13,34.075194,118.265039,126.7
2023-03-14,10:16:14,34.075194,118.265039,126.7
2023-03-14,10:16:15,34.075187,118.265039,126.2
2023-03-14,10:16:16,34.075187,118.265039,126.2
2023-03-14,10:16:17,34.075187,118.265039,126.2
2023-03-14,10:16:18,34.075187,118.265039,126.2
2023-03-14,10:16:19,34.075185,118.265025,126.5
2023-03-14,10:16:20,34.075185,118.265025,126.5
2023-03-14,10:16:21,34.075182,118.265034,126.9
2023-03-14,10:16:22,34.075175,118.265034,126.3
2023-03-14,10:16:23,34.075175,118.265034,126.3
2023-03-14,10:16:24,34.075175,118.265034,126.3
2023-03-14,10:16:25,34.075175,118.265034,126.3
2023-03-14,10:16:26,34.075179,118.265039,125.6
2023-03-14,10:16:27,34.075177,118.265049,126
2023-03-14,10:16:28,34.075177,118.265049,126
2023-03-14,10:16:29,34.075172,118.265044,126.7
2023-03-14,10:16:30,34.075184,118.265049,126.5
2023-03-14,10:16:31,34.075189,118.265054,125.8
2023-03-14,10:16:32,34.075201,118.265059,125.6
2023-03-14,10:16:33,34.075208,118.265059,126.2
2023-03-14,10:16:34,34.07522,118.265064,126
2023-03-14,10:16:35,34.075239,118.265069,126.4
2023-03-14,10:16:36,34.075251,118.265074,126.3
2023-03-14,10:16:37,34.075273,118.26507,126.3
2023-03-14,10:16:38,34.075295,118.265066,126.3
2023-03-14,10:16:39,34.075315,118.265046,126.6
2023-03-14,10:16:40,34.075339,118.265033,126.2
2023-03-14,10:16:41,34.075351,118.265013,126
2023-03-14,10:16:42,34.075332,118.265008,125.6
2023-03-14,10:16:43,34.07531,118.264989,125.5
2023-03-14,10:16:44,34.075283,118.264983,124.6
2023-03-14,10:16:45,34.075264,118.264978,124.2
2023-03-14,10:16:46,34.075257,118.264954,123.6
2023-03-14,10:16:47,34.075245,118.264925,123.7
2023-03-14,10:16:48,34.075248,118.264891,123.2
2023-03-14,10:16:49,34.075246,118.264852,123.5
2023-03-14,10:16:50,34.075235,118.264823,123.6
2023-03-14,10:16:51,34.075242,118.264798,124.1
2023-03-14,10:16:52,34.07525,118.264774,124.6
2023-03-14,10:16:53,34.075253,118.264741,124.2
2023-03-14,10:16:54,34.075263,118.264707,124.3
2023-03-14,10:16:55,34.075273,118.264673,124.4
2023-03-14,10:16:56,34.07528,118.264644,123.3
2023-03-14,10:16:57,34.075279,118.264606,123.5
2023-03-14,10:16:58,34.075289,118.264572,123.6
2023-03-14,10:16:59,34.07528,118.264533,123.4
2023-03-14,10:17:00,34.075278,118.264494,123.7
2023-03-14,10:17:01,34.075276,118.264455,123.9
2023-03-14,10:17:02,34.075267,118.264416,123.7
2023-03-14,10:17:03,34.075258,118.264377,123.4
2023-03-14,10:17:04,34.075256,118.264338,123.7
2023-03-14,10:17:05,34.075245,118.264285,123.7
2023-03-14,10:17:06,34.075236,118.264246,123.4
2023-03-14,10:17:07,34.075222,118.264202,123.9
2023-03-14,10:17:08,34.075203,118.264148,123.4
2023-03-14,10:17:09,34.075182,118.264104,123.3
2023-03-14,10:17:10,34.075169,118.26406,123.7
2023-03-14,10:17:11,34.075148,118.264016,123.6
2023-03-14,10:17:12,34.075122,118.263967,124.2
2023-03-14,10:17:13,34.075091,118.263933,124
2023-03-14,10:17:14,34.07507,118.263889,123.9
2023-03-14,10:17:15,34.075044,118.26384,124.5
2023-03-14,10:17:16,34.075031,118.263796,124.9
2023-03-14,10:17:17,34.07501,118.263752,124.8
2023-03-14,10:17:18,34.074984,118.263702,125.4
2023-03-14,10:17:19,34.074963,118.263658,125.3
2023-03-14,10:17:20,34.074945,118.263609,126.5
2023-03-14,10:17:21,34.074924,118.263565,126.4
2023-03-14,10:17:22,34.074913,118.263512,126.5
2023-03-14,10:17:23,34.074891,118.263468,126.4
2023-03-14,10:17:24,34.074866,118.263418,127
2023-03-14,10:17:25,34.074842,118.263384,127.3
2023-03-14,10:17:26,34.074819,118.26335,127.6
2023-03-14,10:17:27,34.074783,118.263334,128.1
2023-03-14,10:17:28,34.074744,118.263324,127.3
2023-03-14,10:17:29,34.074708,118.263333,127.8
2023-03-14,10:17:30,34.074665,118.263317,127.8
2023-03-14,10:17:31,34.074639,118.263317,128.5
2023-03-14,10:17:32,34.074603,118.263301,129
2023-03-14,10:17:33,34.074577,118.263301,129.8
2023-03-14,10:17:34,34.074545,118.263314,129.6
2023-03-14,10:17:35,34.074519,118.263338,130.4
2023-03-14,10:17:36,34.074485,118.263361,130.6
2023-03-14,10:17:37,34.074451,118.263385,130.8
2023-03-14,10:17:38,34.074421,118.263414,130.3
2023-03-14,10:17:39,34.074385,118.263447,130.9
2023-03-14,10:17:40,34.07436,118.263485,131.4
2023-03-14,10:17:41,34.074326,118.263508,131.6
2023-03-14,10:17:42,34.07429,118.263541,132.2
2023-03-14,10:17:43,34.074254,118.26355,132.8
2023-03-14,10:17:44,34.074222,118.263564,132.6
2023-03-14,10:17:45,34.074186,118.263597,133.2
2023-03-14,10:17:46,34.074152,118.263621,133.5
2023-03-14,10:17:47,34.074115,118.263629,134
2023-03-14,10:17:48,34.074084,118.263643,133.9
2023-03-14,10:17:49,34.074048,118.263652,134.4
2023-03-14,10:17:50,34.074014,118.263652,134.6
2023-03-14,10:17:51,34.07398,118.263651,134.8
2023-03-14,10:17:52,34.073947,118.26365,134.9
2023-03-14,10:17:53,34.073915,118.26364,134.7
2023-03-14,10:17:54,34.073877,118.263634,135.6
2023-03-14,10:17:55,34.073838,118.263648,134.9
2023-03-14,10:17:56,34.073798,118.263652,136.2
2023-03-14,10:17:57,34.073759,118.263666,135.5
2023-03-14,10:17:58,34.073722,118.263674,136
2023-03-14,10:17:59,34.073691,118.263688,135.9
2023-03-14,10:18:00,34.073652,118.263707,136.8
2023-03-14,10:18:01,34.073621,118.263721,136.6
2023-03-14,10:18:02,34.073587,118.263744,136.9
2023-03-14,10:18:03,34.073553,118.263768,137.1
2023-03-14,10:18:04,34.073517,118.263776,137.7
2023-03-14,10:18:05,34.073485,118.26379,137.5
2023-03-14,10:18:06,34.073439,118.263809,137.9
2023-03-14,10:18:07,34.073405,118.263832,138.1
2023-03-14,10:18:08,34.073371,118.263856,138.3
2023-03-14,10:18:09,34.073325,118.263874,138.7
2023-03-14,10:18:10,34.073279,118.263893,139.1
2023-03-14,10:18:11,34.073226,118.263911,139
2023-03-14,10:18:12,34.073184,118.263934,138.6
2023-03-14,10:18:13,34.073138,118.263953,139
2023-03-14,10:18:14,34.073085,118.263971,138.9
2023-03-14,10:18:15,34.073036,118.263999,139.6
2023-03-14,10:18:16,34.072985,118.264008,139.1
2023-03-14,10:18:17,34.072937,118.264012,139.8
2023-03-14,10:18:18,34.072882,118.264015,140
2023-03-14,10:18:19,34.072831,118.264024,139.4
2023-03-14,10:18:20,34.072787,118.264033,139.4
2023-03-14,10:18:21,34.072744,118.264042,139.4
2023-03-14,10:18:22,34.072698,118.26406,139.8
2023-03-14,10:18:23,34.072656,118.264084,139.5
2023-03-14,10:18:24,34.072603,118.264102,139.3
2023-03-14,10:18:25,34.072562,118.264125,139
2023-03-14,10:18:26,34.07252,118.264149,138.7
2023-03-14,10:18:27,34.072474,118.264167,139.1
2023-03-14,10:18:28,34.072433,118.264191,138.7
2023-03-14,10:18:29,34.072391,118.264214,138.4
2023-03-14,10:18:30,34.072359,118.264228,138.2
2023-03-14,10:18:31,34.072314,118.264247,138.6
2023-03-14,10:18:32,34.072284,118.264251,138.1
2023-03-14,10:18:33,34.07225,118.264274,138.3
2023-03-14,10:18:34,34.072209,118.264298,137.9
2023-03-14,10:18:35,34.072167,118.264321,137.6
2023-03-14,10:18:36,34.072121,118.26434,138
2023-03-14,10:18:37,34.072085,118.264349,138.6
2023-03-14,10:18:38,34.072042,118.264357,138.6
2023-03-14,10:18:39,34.072012,118.264362,138
2023-03-14,10:18:40,34.071991,118.264366,138
2023-03-14,10:18:41,34.071964,118.264366,138.7
2023-03-14,10:18:42,34.071938,118.264336,137.7
2023-03-14,10:18:43,34.071905,118.264263,137.7
2023-03-14,10:18:44,34.071865,118.264214,137.2
2023-03-14,10:18:45,34.071822,118.264174,137.1
2023-03-14,10:18:46,34.071752,118.264154,136.1
2023-03-14,10:18:47,34.071699,118.264148,135.9
2023-03-14,10:18:48,34.071643,118.264151,136.1
2023-03-14,10:18:49,34.071592,118.26416,135.5
2023-03-14,10:18:50,34.071541,118.264193,135
2023-03-14,10:18:51,34.07149,118.264226,134.5
2023-03-14,10:18:52,34.071434,118.264254,134.8
2023-03-14,10:18:53,34.07138,118.264273,134.6
2023-03-14,10:18:54,34.071327,118.264291,134.4
2023-03-14,10:18:55,34.071274,118.264309,134.3
2023-03-14,10:18:56,34.07123,118.264342,134.3
2023-03-14,10:18:57,34.071178,118.264375,133.8
2023-03-14,10:18:58,34.071137,118.264399,133.5
2023-03-14,10:18:59,34.071093,118.264456,133.6
2023-03-14,10:19:00,34.071049,118.264489,133.6
2023-03-14,10:19:01,34.070995,118.264508,133.5
2023-03-14,10:19:02,34.070954,118.264531,133.1
2023-03-14,10:19:03,34.070902,118.264564,132.6
2023-03-14,10:19:04,34.070859,118.264597,132.7
2023-03-14,10:19:05,34.070815,118.26463,132.8
2023-03-14,10:19:06,34.070766,118.264654,131.9
2023-03-14,10:19:07,34.070722,118.264687,131.9
2023-03-14,10:19:08,34.07069,118.264725,131.8
2023-03-14,10:19:09,34.07066,118.264754,131.3
2023-03-14,10:19:10,34.070629,118.264767,131.1
2023-03-14,10:19:11,34.070599,118.264772,130.6
2023-03-14,10:19:12,34.070568,118.264762,130.4
2023-03-14,10:19:13,34.070527,118.264761,130
2023-03-14,10:19:14,34.0705,118.264756,129
2023-03-14,10:19:15,34.070476,118.26477,129.4
2023-03-14,10:19:16,34.070442,118.264769,129.6
2023-03-14,10:19:17,34.070413,118.264773,129
2023-03-14,10:19:18,34.070391,118.264778,129
2023-03-14,10:19:19,34.07036,118.264792,128.9
2023-03-14,10:19:20,34.070328,118.264806,128.7
2023-03-14,10:19:21,34.0703,118.26479,129.8
2023-03-14,10:19:22,34.070276,118.264804,130.2
2023-03-14,10:19:23,34.070254,118.264809,130.2
2023-03-14,10:19:24,34.07023,118.264823,130.6
2023-03-14,10:19:25,34.070166,118.264851,130.2
2023-03-14,10:19:26,34.070149,118.26486,129.5
2023-03-14,10:19:27,34.070125,118.264874,129.9
2023-03-14,10:19:28,34.070093,118.264888,129.7
2023-03-14,10:19:29,34.070069,118.264902,130.1
2023-03-14,10:19:30,34.07004,118.264906,129.6
2023-03-14,10:19:31,34.070016,118.26492,129.9
2023-03-14,10:19:32,34.070001,118.264949,130.6
2023-03-14,10:19:33,34.069981,118.264992,130.3
2023-03-14,10:19:34,34.069959,118.265021,130.3
2023-03-14,10:19:35,34.069937,118.265049,130.4
2023-03-14,10:19:36,34.069909,118.265093,129.6
2023-03-14,10:19:37,34.069881,118.265156,127.1
2023-03-14,10:19:38,34.069847,118.265179,127.3
2023-03-14,10:19:39,34.069811,118.265188,127.9
2023-03-14,10:19:40,34.069793,118.265193,125.5
2023-03-14,10:19:41,34.069768,118.265203,124.2
2023-03-14,10:19:42,34.069731,118.265207,123.1
2023-03-14,10:19:43,34.069706,118.265217,121.8
2023-03-14,10:19:44,34.069675,118.265231,121.6
2023-03-14,10:19:45,34.069633,118.265254,121.3
2023-03-14,10:19:46,34.069606,118.265273,120.4
2023-03-14,10:19:47,34.069574,118.265287,120.2
2023-03-14,10:19:48,34.069545,118.265316,119.7
2023-03-14,10:19:49,34.069516,118.26532,119.1
2023-03-14,10:19:50,34.069496,118.265315,118.8
2023-03-14,10:19:51,34.069484,118.26531,118.9
2023-03-14,10:19:52,34.069465,118.265281,118.5
2023-03-14,10:19:53,34.069456,118.265242,118.2
2023-03-14,10:19:54,34.069447,118.265203,117.9
2023-03-14,10:19:55,34.069438,118.265164,117.6
2023-03-14,10:19:56,34.069438,118.26514,117.6
2023-03-14,10:19:57,34.069429,118.265101,117.3
2023-03-14,10:19:58,34.069417,118.265072,117.4
2023-03-14,10:19:59,34.069408,118.265033,117.1
2023-03-14,10:20:00,34.069399,118.264994,116.9
2023-03-14,10:20:01,34.06939,118.264955,116.6
2023-03-14,10:20:02,34.069373,118.264916,115.8
2023-03-14,10:20:03,34.069364,118.264877,115.5
2023-03-14,10:20:04,34.069352,118.264848,115.6
2023-03-14,10:20:05,34.069346,118.264804,116.6
2023-03-14,10:20:06,34.069337,118.264765,116.3
2023-03-14,10:20:07,34.069337,118.264741,116.3
2023-03-14,10:20:08,34.069324,118.264697,116.7
2023-03-14,10:20:09,34.069305,118.264667,116.3
2023-03-14,10:20:10,34.069293,118.264638,116.4
2023-03-14,10:20:11,34.069279,118.264594,116.8
2023-03-14,10:20:12,34.069253,118.264569,117.5
2023-03-14,10:20:13,34.069224,118.264549,116.9
2023-03-14,10:20:14,34.069205,118.264544,116.5
2023-03-14,10:20:15,34.069197,118.264568,116
2023-03-14,10:20:16,34.069201,118.264598,115.3
2023-03-14,10:20:17,34.069199,118.264607,115.7
2023-03-14,10:20:18,34.069201,118.264646,115.4
2023-03-14,10:20:19,34.069198,118.26468,115.9
2023-03-14,10:20:20,34.069202,118.264733,115.3
2023-03-14,10:20:21,34.069213,118.264763,115.2
2023-03-14,10:20:22,34.069223,118.264802,115.4
2023-03-14,10:20:23,34.069232,118.264816,115.7
2023-03-14,10:20:24,34.069241,118.264855,115.9
2023-03-14,10:20:25,34.069248,118.264879,116.5
2023-03-14,10:20:26,34.06925,118.264918,116.3
2023-03-14,10:20:27,34.069257,118.264943,116.9
2023-03-14,10:20:28,34.069255,118.264976,117.3
2023-03-14,10:20:29,34.069264,118.265015,117.6
2023-03-14,10:20:30,34.069261,118.265049,118.1
2023-03-14,10:20:31,34.069256,118.265092,118.9
2023-03-14,10:20:32,34.069258,118.265131,118.6
2023-03-14,10:20:33,34.069257,118.26518,118.7
2023-03-14,10:20:34,34.069249,118.265228,118.3
2023-03-14,10:20:35,34.069248,118.265276,118.4
2023-03-14,10:20:36,34.069236,118.26532,118.7
2023-03-14,10:20:37,34.069244,118.265354,117.3
2023-03-14,10:20:38,34.069246,118.265393,117
2023-03-14,10:20:39,34.069264,118.265418,115.7
2023-03-14,10:20:40,34.06928,118.265452,114.9
2023-03-14,10:20:41,34.069296,118.265487,114
2023-03-14,10:20:42,34.06931,118.265507,113.5
2023-03-14,10:20:43,34.06931,118.265531,113.6
2023-03-14,10:20:44,34.069313,118.26555,114.9
2023-03-14,10:20:45,34.069305,118.265574,114.4
2023-03-14,10:20:46,34.069273,118.265588,114.3
2023-03-14,10:20:47,34.069253,118.265607,113.9
2023-03-14,10:20:48,34.069234,118.265626,113.6
2023-03-14,10:20:49,34.069207,118.26565,114.4
2023-03-14,10:20:50,34.06918,118.265669,113.5
2023-03-14,10:20:51,34.069158,118.265698,113.5
2023-03-14,10:20:52,34.069129,118.265731,114.7
2023-03-14,10:20:53,34.069099,118.265759,114.2
2023-03-14,10:20:54,34.069063,118.265768,114.8
2023-03-14,10:20:55,34.069022,118.265792,114.4
2023-03-14,10:20:56,34.068988,118.265815,114.7
2023-03-14,10:20:57,34.068942,118.265833,115.1
2023-03-14,10:20:58,34.0689,118.265857,114.7
2023-03-14,10:20:59,34.068859,118.26588,114.4
2023-03-14,10:21:00,34.068815,118.265913,114.5
2023-03-14,10:21:01,34.068769,118.265956,114.9
2023-03-14,10:21:02,34.068722,118.265994,113.7
2023-03-14,10:21:03,34.068678,118.266027,113.7
2023-03-14,10:21:04,34.068634,118.26606,113.8
2023-03-14,10:21:05,34.068583,118.266093,113.3
2023-03-14,10:21:06,34.068537,118.266112,113.7
2023-03-14,10:21:07,34.068495,118.266135,113.4
2023-03-14,10:21:08,34.068454,118.266163,114.7
2023-03-14,10:21:09,34.068415,118.266177,114
2023-03-14,10:21:10,34.068362,118.266195,113.8
2023-03-14,10:21:11,34.068316,118.26619,114.1
2023-03-14,10:21:12,34.068273,118.266198,114.2
2023-03-14,10:21:13,34.068227,118.266192,114.5
2023-03-14,10:21:14,34.068189,118.266187,115.4
2023-03-14,10:21:15,34.068156,118.266162,115.5
2023-03-14,10:21:16,34.06813,118.266137,116.2
2023-03-14,10:21:17,34.068114,118.266078,117
2023-03-14,10:21:18,34.0681,118.266034,117.4
2023-03-14,10:21:19,34.068089,118.265981,117.5
2023-03-14,10:21:20,34.068091,118.265912,119
2023-03-14,10:21:21,34.068091,118.265864,118.9
2023-03-14,10:21:22,34.06807,118.26582,118.8
2023-03-14,10:21:23,34.068057,118.265776,119.2
2023-03-14,10:21:24,34.068038,118.265746,118.8
2023-03-14,10:21:25,34.068024,118.265702,119.2
2023-03-14,10:21:26,34.068015,118.265664,119
2023-03-14,10:21:27,34.068001,118.26562,119.4
2023-03-14,10:21:28,34.06799,118.26559,119.5
2023-03-14,10:21:29,34.067976,118.265546,120
2023-03-14,10:21:30,34.067959,118.265507,119.1
2023-03-14,10:21:31,34.067948,118.265454,119.2
2023-03-14,10:21:32,34.067922,118.265405,119.8
2023-03-14,10:21:33,34.067894,118.265361,119.2
2023-03-14,10:21:34,34.067868,118.265311,119.8
2023-03-14,10:21:35,34.067838,118.265253,119.4
2023-03-14,10:21:36,34.067819,118.265199,118.9
2023-03-14,10:21:37,34.067801,118.26515,120.1
2023-03-14,10:21:38,34.067782,118.265097,119.6
2023-03-14,10:21:39,34.067761,118.265053,119.5
2023-03-14,10:21:40,34.067738,118.264994,119.7
2023-03-14,10:21:41,34.067717,118.26495,119.6
2023-03-14,10:21:42,34.067691,118.264901,120.3
2023-03-14,10:21:43,34.06767,118.264857,120.2
2023-03-14,10:21:44,34.067652,118.264808,121.3
2023-03-14,10:21:45,34.067641,118.264754,121.4
2023-03-14,10:21:46,34.067615,118.264705,122
2023-03-14,10:21:47,34.067592,118.26467,122.3
2023-03-14,10:21:48,34.067581,118.264617,122.4
2023-03-14,10:21:49,34.067559,118.264573,122.2
2023-03-14,10:21:50,34.067546,118.264529,122.7
2023-03-14,10:21:51,34.067532,118.264485,123.2
2023-03-14,10:21:52,34.067507,118.264436,123.8
2023-03-14,10:21:53,34.067495,118.264382,123.8
2023-03-14,10:21:54,34.067472,118.264348,124.1
2023-03-14,10:21:55,34.067436,118.264308,124.6
2023-03-14,10:21:56,34.067403,118.264259,124.6
2023-03-14,10:21:57,34.067358,118.264229,124.9
2023-03-14,10:21:58,34.067311,118.264208,125.6
2023-03-14,10:21:59,34.067277,118.264208,125.8
2023-03-14,10:22:00,34.067235,118.264231,125.4
2023-03-14,10:22:01,34.067189,118.264249,125.8
2023-03-14,10:22:02,34.067148,118.264273,125.5
2023-03-14,10:22:03,34.067102,118.264291,125.9
2023-03-14,10:22:04,34.06706,118.264315,125.6
2023-03-14,10:22:05,34.067015,118.264333,126
2023-03-14,10:22:06,34.066969,118.264352,126.3
2023-03-14,10:22:07,34.066927,118.264375,126
2023-03-14,10:22:08,34.066883,118.264408,126.1
2023-03-14,10:22:09,34.066842,118.264432,125.7
2023-03-14,10:22:10,34.066798,118.264465,125.8
2023-03-14,10:22:11,34.066766,118.264503,125.7
2023-03-14,10:22:12,34.066732,118.264526,125.9
2023-03-14,10:22:13,34.06669,118.26455,125.6
2023-03-14,10:22:14,34.066656,118.264573,125.8
2023-03-14,10:22:15,34.066625,118.264587,125.6
2023-03-14,10:22:16,34.066588,118.26462,126.3
2023-03-14,10:22:17,34.066542,118.264639,126.6
2023-03-14,10:22:18,34.066509,118.264638,126.8
2023-03-14,10:22:19,34.066467,118.264637,126.4
2023-03-14,10:22:20,34.066424,118.264622,126.4
2023-03-14,10:22:21,34.066389,118.264606,126.9
2023-03-14,10:22:22,34.066345,118.264591,126.8
2023-03-14,10:22:23,34.066312,118.264566,127
2023-03-14,10:22:24,34.066277,118.264526,127.4
2023-03-14,10:22:25,34.066249,118.264487,128.4
2023-03-14,10:22:26,34.066223,118.264438,129
2023-03-14,10:22:27,34.066205,118.264389,130.2
2023-03-14,10:22:28,34.066186,118.264335,129.7
2023-03-14,10:22:29,34.066168,118.264286,130.9
2023-03-14,10:22:30,34.066159,118.264247,130.6
2023-03-14,10:22:31,34.066148,118.264193,130.7
2023-03-14,10:22:32,34.066136,118.26414,130.7
2023-03-14,10:22:33,34.066123,118.264096,131.2
2023-03-14,10:22:34,34.066109,118.264052,131.6
2023-03-14,10:22:35,34.06609,118.263998,131.1
2023-03-14,10:22:36,34.066075,118.26394,131.9
2023-03-14,10:22:37,34.066056,118.263886,131.4
2023-03-14,10:22:38,34.066031,118.263837,132.1
2023-03-14,10:22:39,34.066012,118.263783,131.6
2023-03-14,10:22:40,34.065981,118.263725,131.2
2023-03-14,10:22:41,34.065958,118.263666,131.5
2023-03-14,10:22:42,34.065939,118.263612,131
2023-03-14,10:22:43,34.065914,118.263563,131.6
2023-03-14,10:22:44,34.065888,118.26351,130.5
2023-03-14,10:22:45,34.065857,118.263451,130.2
2023-03-14,10:22:46,34.065824,118.263402,130.2
2023-03-14,10:22:47,34.065791,118.263353,130.3
2023-03-14,10:22:48,34.065758,118.263304,130.4
2023-03-14,10:22:49,34.065725,118.263255,130.4
2023-03-14,10:22:50,34.065696,118.263211,129.8
2023-03-14,10:22:51,34.065671,118.263161,130.4
2023-03-14,10:22:52,34.065647,118.263127,130.7
2023-03-14,10:22:53,34.065626,118.263083,130.6
2023-03-14,10:22:54,34.065622,118.263029,131.2
2023-03-14,10:22:55,34.065635,118.262986,130.9
2023-03-14,10:22:56,34.065634,118.262923,131.1
2023-03-14,10:22:57,34.065668,118.262875,130.8
2023-03-14,10:22:58,34.065674,118.262812,131.6
2023-03-14,10:22:59,34.065677,118.262754,131.1
2023-03-14,10:23:00,34.065685,118.262706,131.6
2023-03-14,10:23:01,34.065684,118.262643,131.8
2023-03-14,10:23:02,34.065687,118.262585,131.3
2023-03-14,10:23:03,34.065683,118.262531,131.9
2023-03-14,10:23:04,34.065686,118.262473,131.4
2023-03-14,10:23:05,34.065694,118.262425,131.9
2023-03-14,10:23:06,34.065699,118.262381,131
2023-03-14,10:23:07,34.06571,118.262324,131.1
2023-03-14,10:23:08,34.065706,118.26227,131.7
2023-03-14,10:23:09,34.065707,118.262222,131.6
2023-03-14,10:23:10,34.065696,118.262168,131.7
2023-03-14,10:23:11,34.065674,118.262124,131.6
2023-03-14,10:23:12,34.065629,118.262094,131.8
2023-03-14,10:23:13,34.065586,118.262079,131.8
2023-03-14,10:23:14,34.065537,118.262078,130.8
2023-03-14,10:23:15,34.065494,118.262062,130.8
2023-03-14,10:23:16,34.065453,118.262062,130.4
2023-03-14,10:23:17,34.065404,118.262061,129.5
2023-03-14,10:23:18,34.065366,118.262051,128.7
2023-03-14,10:23:19,34.06532,118.262045,129
2023-03-14,10:23:20,34.065279,118.262044,128.6
2023-03-14,10:23:21,34.065238,118.262043,128.2
2023-03-14,10:23:22,34.065192,118.262038,128.6
2023-03-14,10:23:23,34.065153,118.262027,127.8
2023-03-14,10:23:24,34.065105,118.262027,126.8
2023-03-14,10:23:25,34.065063,118.262026,126.5
2023-03-14,10:23:26,34.065022,118.262025,126.1
2023-03-14,10:23:27,34.064979,118.26201,126
2023-03-14,10:23:28,34.064938,118.262009,125.6
2023-03-14,10:23:29,34.064889,118.262008,124.7
2023-03-14,10:23:30,34.064848,118.262008,124.3
2023-03-14,10:23:31,34.064803,118.262002,124.6
2023-03-14,10:23:32,34.064769,118.262001,124.8
2023-03-14,10:23:33,34.064728,118.262,124.4
2023-03-14,10:23:34,34.064687,118.262,124
2023-03-14,10:23:35,34.064648,118.261989,123.2
2023-03-14,10:23:36,34.064604,118.261998,123.2
2023-03-14,10:23:37,34.064568,118.262003,122.1
2023-03-14,10:23:38,34.064541,118.262002,122.9
2023-03-14,10:23:39,34.064514,118.261997,121.9
2023-03-14,10:23:40,34.064478,118.261977,120.7
2023-03-14,10:23:41,34.064457,118.261957,120.7
2023-03-14,10:23:42,34.064433,118.261923,121
2023-03-14,10:23:43,34.064424,118.261884,120.7
2023-03-14,10:23:44,34.06442,118.26183,121.3
2023-03-14,10:23:45,34.064421,118.261782,121.2
2023-03-14,10:23:46,34.064431,118.261748,121.3
2023-03-14,10:23:47,34.064432,118.2617,121.2
2023-03-14,10:23:48,34.06443,118.261661,121.5
2023-03-14,10:23:49,34.064431,118.261612,121.4
2023-03-14,10:23:50,34.064431,118.261564,121.3
2023-03-14,10:23:51,34.064439,118.261511,120
2023-03-14,10:23:52,34.064439,118.261463,119.9
2023-03-14,10:23:53,34.064447,118.26141,118.7
2023-03-14,10:23:54,34.064448,118.261361,118.6
2023-03-14,10:23:55,34.064463,118.261309,117.9
2023-03-14,10:23:56,34.064463,118.26126,117.8
2023-03-14,10:23:57,34.064466,118.261202,117.3
2023-03-14,10:23:58,34.064467,118.261154,117.2
2023-03-14,10:23:59,34.06448,118.261111,116.9
2023-03-14,10:24:00,34.06448,118.261062,116.8
2023-03-14,10:24:01,34.064485,118.261019,116
2023-03-14,10:24:02,34.064486,118.26097,115.8
2023-03-14,10:24:03,34.064479,118.260922,115.2
2023-03-14,10:24:04,34.064484,118.260879,114.3
2023-03-14,10:24:05,34.064485,118.26083,114.2
2023-03-14,10:24:06,34.064486,118.260782,114.1
2023-03-14,10:24:07,34.064489,118.260724,113.6
2023-03-14,10:24:08,34.064494,118.260681,112.8
2023-03-14,10:24:09,34.064495,118.260632,112.7
2023-03-14,10:24:10,34.064485,118.260593,112.4
2023-03-14,10:24:11,34.064481,118.260535,111.3
2023-03-14,10:24:12,34.064482,118.260487,111.2
2023-03-14,10:24:13,34.064482,118.260438,111.1
2023-03-14,10:24:14,34.064476,118.26039,110.4
2023-03-14,10:24:15,34.064472,118.260336,111.1
2023-03-14,10:24:16,34.064463,118.260298,110.8
2023-03-14,10:24:17,34.064463,118.260249,110.7
2023-03-14,10:24:18,34.064466,118.260215,110.2
2023-03-14,10:24:19,34.064469,118.260186,111.5
2023-03-14,10:24:20,34.064472,118.260152,111
2023-03-14,10:24:21,34.064465,118.260128,110.4
2023-03-14,10:24:22,34.064451,118.260108,110.9
2023-03-14,10:24:23,34.064437,118.260089,111.4
2023-03-14,10:24:24,34.064422,118.260089,110.3
2023-03-14,10:24:25,34.06441,118.260059,110.4
2023-03-14,10:24:26,34.064387,118.260049,110.7
2023-03-14,10:24:27,34.064355,118.260039,110.5
2023-03-14,10:24:28,34.064326,118.260019,109.9
2023-03-14,10:24:29,34.064305,118.260023,109.9
2023-03-14,10:24:30,34.06429,118.260028,110.5
2023-03-14,10:24:31,34.064275,118.260028,109.4
2023-03-14,10:24:32,34.064263,118.260023,109.5
2023-03-14,10:24:33,34.064252,118.260017,109.7
2023-03-14,10:24:34,34.06424,118.260012,109.9
2023-03-14,10:24:35,34.064232,118.260012,109.3
2023-03-14,10:24:36,34.06422,118.260007,109.5
2023-03-14,10:24:37,34.064206,118.260012,110
2023-03-14,10:24:38,34.064198,118.260012,109.5
2023-03-14,10:24:39,34.064187,118.260006,109.6
2023-03-14,10:24:40,34.064167,118.260001,109.3
2023-03-14,10:24:41,34.064155,118.259996,109.4
2023-03-14,10:24:42,34.064138,118.259982,108.6
2023-03-14,10:24:43,34.064114,118.259971,109
2023-03-14,10:24:44,34.064095,118.259966,108.6
2023-03-14,10:24:45,34.064071,118.259956,108.9
2023-03-14,10:24:46,34.064052,118.259951,108.5
2023-03-14,10:24:47,34.06403,118.259931,108.5
2023-03-14,10:24:48,34.064019,118.259902,108.6
2023-03-14,10:24:49,34.064019,118.259877,108.5
2023-03-14,10:24:50,34.064017,118.259863,108.9
2023-03-14,10:24:51,34.064012,118.259853,107.9
2023-03-14,10:24:52,34.064022,118.259844,108.1
2023-03-14,10:24:53,34.064046,118.259854,107.8
2023-03-14,10:24:54,34.064067,118.25985,107.8
2023-03-14,10:24:55,34.064097,118.259845,108.3
2023-03-14,10:24:56,34.064155,118.259832,107.8
2023-03-14,10:24:57,34.064203,118.259804,107
2023-03-14,10:24:58,34.064221,118.25977,107.6
2023-03-14,10:24:59,34.064243,118.259742,107.6
2023-03-14,10:25:00,34.064253,118.259708,107.7
2023-03-14,10:25:01,34.06428,118.25966,106.9
2023-03-14,10:25:02,34.064278,118.259621,107.1
2023-03-14,10:25:03,34.064267,118.259568,107.2
2023-03-14,10:25:04,34.064244,118.259509,107.4
2023-03-14,10:25:05,34.06422,118.25945,107.7
2023-03-14,10:25:06,34.064187,118.259401,107.7
2023-03-14,10:25:07,34.064154,118.259352,107.8
2023-03-14,10:25:08,34.064133,118.259308,107.7
2023-03-14,10:25:09,34.064115,118.259254,107.2
2023-03-14,10:25:10,34.064096,118.259205,108.4
2023-03-14,10:25:11,34.064075,118.259161,108.2
2023-03-14,10:25:12,34.064062,118.259117,108.7
2023-03-14,10:25:13,34.064041,118.259073,108.6
2023-03-14,10:25:14,34.064015,118.259024,109.2
2023-03-14,10:25:15,34.063992,118.25899,109.5
2023-03-14,10:25:16,34.06397,118.258946,109.4
2023-03-14,10:25:17,34.063928,118.258906,109.3
2023-03-14,10:25:18,34.063904,118.258872,109.6
2023-03-14,10:25:19,34.063893,118.258847,111.4
2023-03-14,10:25:20,34.063852,118.258822,110.9
2023-03-14,10:25:21,34.063797,118.258801,111
2023-03-14,10:25:22,34.063746,118.258786,110.4
2023-03-14,10:25:23,34.063693,118.25878,110.2
2023-03-14,10:25:24,34.06364,118.258774,110
2023-03-14,10:25:25,34.063583,118.258763,110.5
2023-03-14,10:25:26,34.06353,118.258757,110.3
2023-03-14,10:25:27,34.063484,118.258752,110.6
2023-03-14,10:25:28,34.063431,118.258746,110.4
2023-03-14,10:25:29,34.063376,118.258749,110.6
2023-03-14,10:25:30,34.06332,118.258729,110.7
2023-03-14,10:25:31,34.063263,118.258718,111.2
2023-03-14,10:25:32,34.06321,118.258716,112.7
2023-03-14,10:25:33,34.063155,118.25872,112.8
2023-03-14,10:25:34,34.063092,118.258724,112.4
2023-03-14,10:25:35,34.063035,118.258713,113
2023-03-14,10:25:36,34.062974,118.258707,112.2
2023-03-14,10:25:37,34.062912,118.258691,113.4
2023-03-14,10:25:38,34.062849,118.25867,113
2023-03-14,10:25:39,34.06279,118.258645,113.8
2023-03-14,10:25:40,34.062732,118.258634,114.3
2023-03-14,10:25:41,34.062677,118.258638,114.5
2023-03-14,10:25:42,34.062619,118.258627,115
2023-03-14,10:25:43,34.062564,118.25863,115.2
2023-03-14,10:25:44,34.062511,118.258624,115
2023-03-14,10:25:45,34.062458,118.258619,114.8
2023-03-14,10:25:46,34.062412,118.258613,115.1
2023-03-14,10:25:47,34.062359,118.258607,114.9
2023-03-14,10:25:48,34.062308,118.258616,114.3
2023-03-14,10:25:49,34.062262,118.25861,114.7
2023-03-14,10:25:50,34.062209,118.258604,114.4
2023-03-14,10:25:51,34.062156,118.258598,114.2
2023-03-14,10:25:52,34.062101,118.258602,114.4
2023-03-14,10:25:53,34.062048,118.258596,114.2
2023-03-14,10:25:54,34.061995,118.25859,114
2023-03-14,10:25:55,34.061954,118.258589,113.6
2023-03-14,10:25:56,34.061906,118.258569,114.2
2023-03-14,10:25:57,34.06186,118.258563,114.6
2023-03-14,10:25:58,34.061827,118.258538,114.7
2023-03-14,10:25:59,34.06181,118.258495,112.2
2023-03-14,10:26:00,34.061771,118.25846,111.3
2023-03-14,10:26:01,34.061745,118.258431,110.3
2023-03-14,10:26:02,34.061701,118.258416,110.3
2023-03-14,10:26:03,34.061658,118.258424,110.3
2023-03-14,10:26:04,34.061609,118.258424,109.3
2023-03-14,10:26:05,34.061566,118.258433,109.4
2023-03-14,10:26:06,34.061518,118.258436,110.1
2023-03-14,10:26:07,34.061477,118.258436,109.7
2023-03-14,10:26:08,34.06144,118.258444,110.3
2023-03-14,10:26:09,34.061397,118.258453,110.3
2023-03-14,10:26:10,34.061363,118.258453,110.4
2023-03-14,10:26:11,34.061324,118.258466,109.7
2023-03-14,10:26:12,34.061288,118.258475,110.3
2023-03-14,10:26:13,34.061249,118.258489,109.5
2023-03-14,10:26:14,34.061201,118.258493,110.3
2023-03-14,10:26:15,34.061155,118.258511,110.7
2023-03-14,10:26:16,34.061126,118.258544,111.9
2023-03-14,10:26:17,34.061111,118.258573,112.5
2023-03-14,10:26:18,34.061121,118.258616,114.4
2023-03-14,10:26:19,34.061119,118.25865,114.9
2023-03-14,10:26:20,34.061107,118.258645,115
2023-03-14,10:26:21,34.06109,118.258635,115.9
2023-03-14,10:26:22,34.061076,118.25861,114.8
2023-03-14,10:26:23,34.061061,118.25861,113.6
2023-03-14,10:26:24,34.061039,118.258615,113.7
2023-03-14,10:26:25,34.06101,118.258619,113.1
2023-03-14,10:26:26,34.060974,118.258628,113.7
2023-03-14,10:26:27,34.06094,118.258627,113.8
2023-03-14,10:26:28,34.060925,118.258627,112.7
2023-03-14,10:26:29,34.060888,118.258632,111.6
2023-03-14,10:26:30,34.060857,118.258622,111.4
2023-03-14,10:26:31,34.060818,118.258611,110.6
2023-03-14,10:26:32,34.060782,118.258591,109.4
2023-03-14,10:26:33,34.060748,118.258567,109.5
2023-03-14,10:26:34,34.06071,118.258532,108.7
2023-03-14,10:26:35,34.06066,118.258492,108
2023-03-14,10:26:36,34.060619,118.258443,107.5
2023-03-14,10:26:37,34.060571,118.258394,106.5
2023-03-14,10:26:38,34.060526,118.25834,106.7
2023-03-14,10:26:39,34.060474,118.258286,106.4
2023-03-14,10:26:40,34.060428,118.258227,104.9
2023-03-14,10:26:41,34.060383,118.258173,105.2
2023-03-14,10:26:42,34.060329,118.258128,105.2
2023-03-14,10:26:43,34.060281,118.258079,104.2
2023-03-14,10:26:44,34.060238,118.258039,104.1
2023-03-14,10:26:45,34.060193,118.257985,104.3
2023-03-14,10:26:46,34.060142,118.257945,103.6
2023-03-14,10:26:47,34.060098,118.257891,103.9
2023-03-14,10:26:48,34.060055,118.257852,103.7
2023-03-14,10:26:49,34.06001,118.257797,104
2023-03-14,10:26:50,34.059959,118.257758,103.3
2023-03-14,10:26:51,34.059916,118.257718,103.2
2023-03-14,10:26:52,34.059862,118.257673,103.3
2023-03-14,10:26:53,34.059821,118.257624,102.8
2023-03-14,10:26:54,34.059774,118.25758,103.4
2023-03-14,10:26:55,34.059726,118.25753,102.3
2023-03-14,10:26:56,34.059683,118.257491,102.2
2023-03-14,10:26:57,34.059633,118.257451,101.6
2023-03-14,10:26:58,34.059587,118.257421,101.9
2023-03-14,10:26:59,34.059542,118.257391,102.1
2023-03-14,10:27:00,34.059499,118.257352,102
2023-03-14,10:27:01,34.059456,118.257312,101.9
2023-03-14,10:27:02,34.059413,118.257272,101.8
2023-03-14,10:27:03,34.059375,118.257238,101
2023-03-14,10:27:04,34.059332,118.257198,100.9
2023-03-14,10:27:05,34.059289,118.257159,100.8
2023-03-14,10:27:06,34.059256,118.25711,100.8
2023-03-14,10:27:07,34.059221,118.25707,101.3
2023-03-14,10:27:08,34.059185,118.257026,100.1
2023-03-14,10:27:09,34.059142,118.256986,100
2023-03-14,10:27:10,34.059099,118.256947,99.9
2023-03-14,10:27:11,34.059052,118.256902,100.5
2023-03-14,10:27:12,34.059013,118.256868,99.6
2023-03-14,10:27:13,34.05897,118.256828,99.5
2023-03-14,10:27:14,34.058927,118.256788,99.4
2023-03-14,10:27:15,34.058894,118.256739,99.5
2023-03-14,10:27:16,34.058854,118.25669,99
2023-03-14,10:27:17,34.058819,118.256651,99.5
2023-03-14,10:27:18,34.058785,118.256601,99.5
2023-03-14,10:27:19,34.058745,118.256552,99
2023-03-14,10:27:20,34.058716,118.256508,98.3
2023-03-14,10:27:21,34.058676,118.256459,97.9
2023-03-14,10:27:22,34.058645,118.256425,97.6
2023-03-14,10:27:23,34.058612,118.256375,97.6
2023-03-14,10:27:24,34.058579,118.256326,97.7
2023-03-14,10:27:25,34.05855,118.256282,97
2023-03-14,10:27:26,34.058525,118.256233,97.7
2023-03-14,10:27:27,34.058504,118.256189,97.5
2023-03-14,10:27:28,34.058478,118.25614,98.2
2023-03-14,10:27:29,34.058459,118.256087,97.7
2023-03-14,10:27:30,34.058434,118.256037,98.3
2023-03-14,10:27:31,34.058405,118.255993,97.6
2023-03-14,10:27:32,34.058384,118.255949,97.5
2023-03-14,10:27:33,34.058359,118.2559,98.1
2023-03-14,10:27:34,34.058335,118.255866,98.4
2023-03-14,10:27:35,34.058309,118.255836,97.4
2023-03-14,10:27:36,34.058277,118.255826,97.2
2023-03-14,10:27:37,34.058251,118.255801,97.9
2023-03-14,10:27:38,34.058232,118.255796,97.5
2023-03-14,10:27:39,34.058211,118.255776,97.4
2023-03-14,10:27:40,34.058197,118.255757,97.9
2023-03-14,10:27:41,34.058185,118.255751,98.1
2023-03-14,10:27:42,34.058166,118.255722,97.7
2023-03-14,10:27:43,34.058154,118.255717,97.8
2023-03-14,10:27:44,34.058144,118.255702,97.6
2023-03-14,10:27:45,34.058132,118.255697,97.8
2023-03-14,10:27:46,34.05813,118.255682,98.1
2023-03-14,10:27:47,34.058121,118.255668,97.9
2023-03-14,10:27:48,34.058111,118.255653,97.7
2023-03-14,10:27:49,34.058097,118.255633,98.2
2023-03-14,10:27:50,34.058078,118.255628,97.8
2023-03-14,10:27:51,34.058068,118.255614,97.6
2023-03-14,10:27:52,34.058057,118.255584,97.7
2023-03-14,10:27:53,34.058055,118.25557,98
2023-03-14,10:27:54,34.058038,118.255555,97.2
2023-03-14,10:27:55,34.058018,118.25555,96.8
2023-03-14,10:27:56,34.058004,118.25553,97.4
2023-03-14,10:27:57,34.058002,118.255515,97.7
2023-03-14,10:27:58,34.057993,118.255501,97.5
2023-03-14,10:27:59,34.057983,118.255486,97.2
2023-03-14,10:28:00,34.057981,118.255471,97.6
2023-03-14,10:28:01,34.057967,118.255451,98.1
2023-03-14,10:28:02,34.057956,118.255422,98.2
2023-03-14,10:28:03,34.057937,118.255393,97.8
2023-03-14,10:28:04,34.057923,118.255349,98.2
2023-03-14,10:28:05,34.057904,118.255319,97.8
2023-03-14,10:28:06,34.05788,118.255285,98.1
2023-03-14,10:28:07,34.057867,118.255241,98.5
2023-03-14,10:28:08,34.05785,118.255202,97.7
2023-03-14,10:28:09,34.057836,118.255158,98.1
2023-03-14,10:28:10,34.057808,118.255114,97.5
2023-03-14,10:28:11,34.057787,118.25507,97.3
2023-03-14,10:28:12,34.057758,118.255026,96.7
2023-03-14,10:28:13,34.05773,118.254987,97.7
2023-03-14,10:28:14,34.057699,118.254952,97.4
2023-03-14,10:28:15,34.057668,118.254918,97.1
2023-03-14,10:28:16,34.057635,118.254893,97.3
2023-03-14,10:28:17,34.057611,118.254858,97.5
2023-03-14,10:28:18,34.05758,118.254824,97.3
2023-03-14,10:28:19,34.057555,118.254799,97.9
2023-03-14,10:28:20,34.057543,118.254769,98.1
2023-03-14,10:28:21,34.057536,118.254745,97.4
2023-03-14,10:28:22,34.057524,118.254716,97.6
2023-03-14,10:28:23,34.057515,118.254677,97.3
2023-03-14,10:28:24,34.057492,118.254643,97.6
2023-03-14,10:28:25,34.05748,118.254613,97.7
2023-03-14,10:28:26,34.057466,118.254593,98.2
2023-03-14,10:28:27,34.057403,118.254461,97.9
2023-03-14,10:28:28,34.057368,118.254373,98.2
2023-03-14,10:28:29,34.057345,118.254291,98.4
2023-03-14,10:28:30,34.057317,118.254227,99.4
2023-03-14,10:28:31,34.057297,118.254159,99.2
2023-03-14,10:28:32,34.057281,118.2541,100
2023-03-14,10:28:33,34.057275,118.254056,101
2023-03-14,10:28:34,34.057283,118.254007,101.4
2023-03-14,10:28:35,34.057281,118.253969,101.7
2023-03-14,10:28:36,34.05727,118.253939,101.8
2023-03-14,10:28:37,34.057263,118.253895,102.9
2023-03-14,10:28:38,34.057266,118.253861,102.4
2023-03-14,10:28:39,34.057264,118.253823,102.7
2023-03-14,10:28:40,34.05727,118.253784,103.5
2023-03-14,10:28:41,34.057268,118.253745,103.8
2023-03-14,10:28:42,34.057279,118.253711,103.9
2023-03-14,10:28:43,34.057289,118.253677,104
2023-03-14,10:28:44,34.057304,118.253629,105.1
2023-03-14,10:28:45,34.057295,118.25359,104.8
2023-03-14,10:28:46,34.057315,118.253547,105.1
2023-03-14,10:28:47,34.057335,118.253503,105.3
2023-03-14,10:28:48,34.057316,118.253474,104.9
2023-03-14,10:28:49,34.057322,118.253435,105.7
2023-03-14,10:28:50,34.057323,118.253387,105.6
2023-03-14,10:28:51,34.057331,118.253338,106.1
2023-03-14,10:28:52,34.057343,118.253295,105.8
2023-03-14,10:28:53,34.057354,118.253237,105.9
2023-03-14,10:28:54,34.05735,118.253184,106.5
2023-03-14,10:28:55,34.057368,118.253126,107.1
2023-03-14,10:28:56,34.057369,118.253082,108.7
2023-03-14,10:28:57,34.057344,118.253085,111.1
2023-03-14,10:28:58,34.057317,118.253055,115.5
2023-03-14,10:28:59,34.05729,118.253019,118.2
2023-03-14,10:29:00,34.057274,118.252985,119
2023-03-14,10:29:01,34.057253,118.25297,120.6
2023-03-14,10:29:02,34.057211,118.252963,124
2023-03-14,10:29:03,34.057172,118.252947,126.9
2023-03-14,10:29:04,34.057115,118.25294,129.1
2023-03-14,10:29:05,34.057065,118.252929,130.1
2023-03-14,10:29:06,34.057019,118.252924,130.5
2023-03-14,10:29:07,34.056976,118.252937,132.2
2023-03-14,10:29:08,34.056882,118.252983,133.3
2023-03-14,10:29:09,34.056828,118.25305,133.3
2023-03-14,10:29:10,34.056784,118.253107,133.4
2023-03-14,10:29:11,34.05672,118.253159,133.1
2023-03-14,10:29:12,34.056654,118.253197,133.2
2023-03-14,10:29:13,34.056591,118.253225,132.9
2023-03-14,10:29:14,34.056508,118.253247,132.1
2023-03-14,10:29:15,34.056433,118.25327,132
2023-03-14,10:29:16,34.056373,118.253317,133
2023-03-14,10:29:17,34.056286,118.253339,134.7
2023-03-14,10:29:18,34.056238,118.253367,135.5
2023-03-14,10:29:19,34.056194,118.2534,135.5
2023-03-14,10:29:20,34.056148,118.253419,135.9
2023-03-14,10:29:21,34.056106,118.253442,135.6
2023-03-14,10:29:22,34.056063,118.253451,135.6
2023-03-14,10:29:23,34.056019,118.253484,135.6
2023-03-14,10:29:24,34.055966,118.253502,135.5
2023-03-14,10:29:25,34.055922,118.253535,135.5
2023-03-14,10:29:26,34.05587,118.253568,135
2023-03-14,10:29:27,34.055802,118.253615,135.5
2023-03-14,10:29:28,34.055751,118.253648,135
2023-03-14,10:29:29,34.055705,118.253691,135.4
2023-03-14,10:29:30,34.055639,118.253728,135.5
2023-03-14,10:29:31,34.055597,118.253776,135.2
2023-03-14,10:29:32,34.055534,118.253828,134.9
2023-03-14,10:29:33,34.055472,118.253895,134.3
2023-03-14,10:29:34,34.055426,118.253962,134.8
2023-03-14,10:29:35,34.055381,118.254019,135
2023-03-14,10:29:36,34.055264,118.254089,134.5
2023-03-14,10:29:37,34.055222,118.254161,134.3
2023-03-14,10:29:38,34.055188,118.254209,134.6
2023-03-14,10:29:39,34.055063,118.25428,133.6
2023-03-14,10:29:40,34.055,118.254332,133.3
2023-03-14,10:29:41,34.05496,118.25437,132.6
2023-03-14,10:29:42,34.054931,118.254398,132.1
2023-03-14,10:29:43,34.054891,118.254437,131.4
2023-03-14,10:29:44,34.054852,118.254475,130.8
2023-03-14,10:29:45,34.054808,118.254508,130.8
2023-03-14,10:29:46,34.054769,118.25455,131.8
2023-03-14,10:29:47,34.054727,118.254598,131.6
2023-03-14,10:29:48,34.054691,118.254655,132.2
2023-03-14,10:29:49,34.054634,118.254707,132.5
2023-03-14,10:29:50,34.054528,118.254797,134
2023-03-14,10:29:51,34.054447,118.254863,134.7
2023-03-14,10:29:52,34.054339,118.254914,136.4
2023-03-14,10:29:53,34.05423,118.254989,138.2
2023-03-14,10:29:54,34.054029,118.255076,140.7
2023-03-14,10:29:55,34.053739,118.255191,143.7
2023-03-14,10:29:56,34.053524,118.255302,145.2
2023-03-14,10:29:57,34.053482,118.255379,146.6
2023-03-14,10:29:58,34.053447,118.255451,147
2023-03-14,10:29:59,34.053459,118.255456,146.8
2023-03-14,10:30:00,34.053491,118.255466,147
2023-03-14,10:30:01,34.053476,118.25547,147.6
2023-03-14,10:30:02,34.053457,118.255494,148.9
2023-03-14,10:30:03,34.053453,118.255489,149.6
2023-03-14,10:30:04,34.053433,118.255532,149.4
2023-03-14,10:30:05,34.053429,118.255561,148.1
2023-03-14,10:30:06,34.053407,118.25559,148.2
2023-03-14,10:30:07,34.05339,118.255628,149.2
2023-03-14,10:30:08,34.053356,118.255652,149.4
2023-03-14,10:30:09,34.053279,118.255684,149.7
2023-03-14,10:30:10,34.053218,118.255727,149
2023-03-14,10:30:11,34.053184,118.255804,145.6
2023-03-14,10:30:12,34.053175,118.255848,143.5
2023-03-14,10:30:13,34.053108,118.255906,141.9
2023-03-14,10:30:14,34.053021,118.255923,141.9
2023-03-14,10:30:15,34.052972,118.255947,141
2023-03-14,10:30:16,34.052964,118.255971,140.5
2023-03-14,10:30:17,34.052948,118.255985,141.5
2023-03-14,10:30:18,34.052928,118.256004,141.1
2023-03-14,10:30:19,34.052923,118.256019,140.2
2023-03-14,10:30:20,34.052999,118.256006,138.4
2023-03-14,10:30:21,34.053012,118.256021,136.2
2023-03-14,10:30:22,34.053019,118.256041,135.1
2023-03-14,10:30:23,34.053038,118.256042,133.8
2023-03-14,10:30:24,34.053035,118.256047,132.6
2023-03-14,10:30:25,34.053027,118.256047,132
2023-03-14,10:30:26,34.053017,118.256057,131.8
2023-03-14,10:30:27,34.053017,118.256057,131.8
2023-03-14,10:30:28,34.053008,118.256066,131.7
2023-03-14,10:30:29,34.053004,118.256095,130.4
2023-03-14,10:30:30,34.053158,118.256103,130.1
2023-03-14,10:30:31,34.053223,118.256114,130.2
2023-03-14,10:30:32,34.0533,118.256131,130.1
2023-03-14,10:30:33,34.05331,118.256121,130.2
2023-03-14,10:30:34,34.053298,118.256116,130.4
2023-03-14,10:30:35,34.053265,118.256091,130.5
2023-03-14,10:30:36,34.053224,118.256066,130.1
2023-03-14,10:30:37,34.053176,118.256041,129.1
2023-03-14,10:30:38,34.053213,118.256095,128.3
2023-03-14,10:30:39,34.053235,118.256115,128.3
2023-03-14,10:30:40,34.05327,118.256131,127.8
2023-03-14,10:30:41,34.053314,118.256146,127.9
2023-03-14,10:30:42,34.053351,118.256176,127
2023-03-14,10:30:43,34.053378,118.256205,128
2023-03-14,10:30:44,34.053404,118.25623,127.3
2023-03-14,10:30:45,34.053425,118.25625,127.4
2023-03-14,10:30:46,34.053441,118.256284,126.6
2023-03-14,10:30:47,34.053463,118.256304,126.6
2023-03-14,10:30:48,34.053452,118.256338,126.5
2023-03-14,10:30:49,34.05344,118.256381,126.8
2023-03-14,10:30:50,34.05342,118.256425,126.5
2023-03-14,10:30:51,34.053395,118.256487,127
2023-03-14,10:30:52,34.053348,118.256554,127.5
2023-03-14,10:30:53,34.053309,118.256592,126.8
2023-03-14,10:30:54,34.053289,118.256635,126.5
2023-03-14,10:30:55,34.053267,118.256664,126.6
2023-03-14,10:30:56,34.053263,118.256717,125.4
2023-03-14,10:30:57,34.053243,118.256761,125.1
2023-03-14,10:30:58,34.053209,118.256784,125.4
2023-03-14,10:30:59,34.053169,118.256847,124.8
2023-03-14,10:31:00,34.053134,118.256938,123.5
2023-03-14,10:31:01,34.053122,118.257016,121.8
2023-03-14,10:31:02,34.05308,118.257059,119.8
2023-03-14,10:31:03,34.05305,118.257064,119.3
2023-03-14,10:31:04,34.053017,118.257063,119.4
2023-03-14,10:31:05,34.052976,118.257062,119
2023-03-14,10:31:06,34.052903,118.257075,118.5
2023-03-14,10:31:07,34.05285,118.25707,118.3
2023-03-14,10:31:08,34.052823,118.257069,119
2023-03-14,10:31:09,34.052807,118.257054,118.2
2023-03-14,10:31:10,34.052826,118.257031,116.9
2023-03-14,10:31:11,34.052843,118.256997,117.5
2023-03-14,10:31:12,34.052872,118.256964,116.4
2023-03-14,10:31:13,34.052884,118.256945,116.1
2023-03-14,10:31:14,34.052899,118.256916,115.5
2023-03-14,10:31:15,34.052909,118.256907,115.7
2023-03-14,10:31:16,34.052923,118.256902,115.1
2023-03-14,10:31:17,34.05293,118.256927,115.7
2023-03-14,10:31:18,34.052942,118.256956,115.6
2023-03-14,10:31:19,34.052965,118.25699,115.3
2023-03-14,10:31:20,34.052974,118.257049,114
2023-03-14,10:31:21,34.052918,118.257077,114.2
2023-03-14,10:31:22,34.052835,118.2571,113.5
2023-03-14,10:31:23,34.052772,118.257156,114.9
2023-03-14,10:31:24,34.052716,118.257237,116.9
2023-03-14,10:31:25,34.052673,118.257299,118.7
2023-03-14,10:31:26,34.052638,118.257371,119.1
2023-03-14,10:31:27,34.052597,118.257423,120.5
2023-03-14,10:31:28,34.052565,118.257461,120.4
2023-03-14,10:31:29,34.052524,118.257464,121.6
2023-03-14,10:31:30,34.052469,118.257468,121.8
2023-03-14,10:31:31,34.052414,118.257472,122
2023-03-14,10:31:32,34.052358,118.257476,122.2
2023-03-14,10:31:33,34.052312,118.257494,122.6
2023-03-14,10:31:34,34.052281,118.257512,124.1
2023-03-14,10:31:35,34.052247,118.257536,124.3
2023-03-14,10:31:36,34.052219,118.257545,125.4
2023-03-14,10:31:37,34.052197,118.257549,125.4
2023-03-14,10:31:38,34.052156,118.257553,126.7
2023-03-14,10:31:39,34.052103,118.257576,128.2
2023-03-14,10:31:40,34.052046,118.257593,130.5
2023-03-14,10:31:41,34.051986,118.257616,131.5
2023-03-14,10:31:42,34.051936,118.257629,132.6
2023-03-14,10:31:43,34.051895,118.257633,133.9
2023-03-14,10:31:44,34.051852,118.257646,135.6
2023-03-14,10:31:45,34.051816,118.257655,136.1
2023-03-14,10:31:46,34.051787,118.257664,137.2
2023-03-14,10:31:47,34.051751,118.257697,137.9
2023-03-14,10:31:48,34.051724,118.25772,138.7
2023-03-14,10:31:49,34.051693,118.257739,140.2
2023-03-14,10:31:50,34.051667,118.257762,141
2023-03-14,10:31:51,34.051645,118.257767,141
2023-03-14,10:31:52,34.051611,118.257766,141.1
2023-03-14,10:31:53,34.051576,118.25775,141.6
2023-03-14,10:31:54,34.051538,118.257745,142.5
2023-03-14,10:31:55,34.051516,118.257749,142.5
2023-03-14,10:31:56,34.051482,118.257748,142.7
2023-03-14,10:31:57,34.051451,118.257738,142.5
2023-03-14,10:31:58,34.051422,118.257742,141.9
2023-03-14,10:31:59,34.051388,118.257742,142.1
2023-03-14,10:32:00,34.051356,118.257756,141.9
2023-03-14,10:32:01,34.05132,118.25776,140.8
2023-03-14,10:32:02,34.051288,118.257774,140.7
2023-03-14,10:32:03,34.051245,118.257759,140.6
2023-03-14,10:32:04,34.051206,118.257748,139.8
2023-03-14,10:32:05,34.05117,118.257733,140.3
2023-03-14,10:32:06,34.051139,118.257723,140.1
2023-03-14,10:32:07,34.051115,118.257713,140.5
2023-03-14,10:32:08,34.051084,118.257702,140.2
2023-03-14,10:32:09,34.05106,118.257692,140.6
2023-03-14,10:32:10,34.051012,118.257696,141.3
2023-03-14,10:32:11,34.050988,118.25771,141.7
2023-03-14,10:32:12,34.051,118.257719,143.2
2023-03-14,10:32:13,34.051003,118.257763,144.6
2023-03-14,10:32:14,34.051003,118.257815,146.4
2023-03-14,10:32:15,34.050961,118.257892,147.9
2023-03-14,10:32:16,34.050919,118.258016,149.4
2023-03-14,10:32:17,34.050897,118.258181,149.4
2023-03-14,10:32:18,34.050866,118.258306,149.1
2023-03-14,10:32:19,34.050841,118.258417,149.8
2023-03-14,10:32:20,34.050835,118.258509,150.7
2023-03-14,10:32:21,34.050819,118.258658,151.6
2023-03-14,10:32:22,34.050788,118.258895,151.2
2023-03-14,10:32:23,34.050781,118.258977,154.2
2023-03-14,10:32:24,34.050795,118.259049,155.5
2023-03-14,10:32:25,34.050811,118.259108,154.7
2023-03-14,10:32:26,34.05082,118.259147,154.9
2023-03-14,10:32:27,34.050827,118.259195,155.6
2023-03-14,10:32:28,34.050839,118.259253,157.2
2023-03-14,10:32:29,34.050855,118.259316,158.1
2023-03-14,10:32:30,34.050868,118.259384,157.7
2023-03-14,10:32:31,34.050891,118.259467,157.5
2023-03-14,10:32:32,34.050902,118.259521,157.5
2023-03-14,10:32:33,34.050916,118.259565,157
2023-03-14,10:32:34,34.050932,118.259599,156.2
2023-03-14,10:32:35,34.050936,118.259653,155.6
2023-03-14,10:32:36,34.05093,118.259716,154.8
2023-03-14,10:32:37,34.050912,118.259774,154.2
2023-03-14,10:32:38,34.050905,118.259861,153.4
2023-03-14,10:32:39,34.050894,118.259939,151.7
2023-03-14,10:32:40,34.05089,118.260041,150.7
2023-03-14,10:32:41,34.050863,118.260089,151.5
2023-03-14,10:32:42,34.050859,118.260166,150.4
2023-03-14,10:32:43,34.050847,118.260244,148.7
2023-03-14,10:32:44,34.050837,118.260278,148.6
2023-03-14,10:32:45,34.050822,118.260307,149.2
2023-03-14,10:32:46,34.050817,118.260321,148.3
2023-03-14,10:32:47,34.050815,118.260331,148.7
2023-03-14,10:32:48,34.050826,118.260336,148.5
2023-03-14,10:32:49,34.050826,118.260336,148.5
2023-03-14,10:32:50,34.050822,118.260331,149.3
2023-03-14,10:32:51,34.050808,118.260335,149.8
2023-03-14,10:32:52,34.050803,118.26033,150.6
2023-03-14,10:32:53,34.050794,118.26032,152
2023-03-14,10:32:54,34.050778,118.260309,152.9
2023-03-14,10:32:55,34.050778,118.260309,152.9
2023-03-14,10:32:56,34.050778,118.260309,152.9
2023-03-14,10:32:57,34.050785,118.260309,153.5
2023-03-14,10:32:58,34.050785,118.260309,153.5
2023-03-14,10:32:59,34.050785,118.260309,153.5
2023-03-14,10:33:00,34.050762,118.260299,153.8
2023-03-14,10:33:01,34.050759,118.260309,154.2
2023-03-14,10:33:02,34.050759,118.260309,154.2
2023-03-14,10:33:03,34.050769,118.260299,154.4
2023-03-14,10:33:04,34.050765,118.260294,155.1
2023-03-14,10:33:05,34.050755,118.260279,154.9
2023-03-14,10:33:06,34.050755,118.260279,154.9
2023-03-14,10:33:07,34.050747,118.260275,152.6
2023-03-14,10:33:08,34.050742,118.260265,151.7
2023-03-14,10:33:09,34.050717,118.260275,150.4
2023-03-14,10:33:10,34.050717,118.260275,150.4
2023-03-14,10:33:11,34.05071,118.260275,149.8
2023-03-14,10:33:12,34.050695,118.260275,148.7
2023-03-14,10:33:13,34.050695,118.260275,148.7
2023-03-14,10:33:14,34.050695,118.260275,148.7
2023-03-14,10:33:15,34.050697,118.260265,148.3
2023-03-14,10:33:16,34.050702,118.260271,147.6
2023-03-14,10:33:17,34.050704,118.260261,147.2
2023-03-14,10:33:18,34.050704,118.260261,147.2
2023-03-14,10:33:19,34.050716,118.260266,147
2023-03-14,10:33:20,34.05074,118.260281,148.4
2023-03-14,10:33:21,34.050752,118.260286,148.2
2023-03-14,10:33:22,34.050745,118.26029,149.3
2023-03-14,10:33:23,34.050738,118.26029,148.8
2023-03-14,10:33:24,34.050731,118.260295,149.9
2023-03-14,10:33:25,34.050729,118.260304,150.3
2023-03-14,10:33:26,34.050717,118.260299,150.5
2023-03-14,10:33:27,34.050719,118.26029,150.1
2023-03-14,10:33:28,34.050715,118.260285,150.8
2023-03-14,10:33:29,34.050722,118.260285,151.4
2023-03-14,10:33:30,34.050708,118.260265,151.9
